-- Greenfield deploy script for Oracle RPC v0.8.0.0
-- Date: 2026-02-17
-- Creates the complete database schema and required system seed data from a blank database.

CREATE TABLE auth_providers (recid bigint NOT NULL, element_name nvarchar(1024) NOT NULL, element_display nvarchar(1024) NOT NULL, PRIMARY KEY (recid));
CREATE TABLE account_users (recid bigint NOT NULL, element_guid uniqueidentifier NOT NULL, element_rotkey nvarchar(MAX) NOT NULL, element_rotkey_iat datetimeoffset DEFAULT (sysutcdatetime()) NOT NULL, element_rotkey_exp datetimeoffset NOT NULL, element_email nvarchar(1024) NOT NULL, element_display nvarchar(1024) NOT NULL, providers_recid bigint, element_optin bit DEFAULT ((0)) NOT NULL, element_created_on datetimeoffset DEFAULT (sysutcdatetime()) NOT NULL, element_modified_on datetimeoffset DEFAULT (sysutcdatetime()) NOT NULL, PRIMARY KEY (recid), FOREIGN KEY (providers_recid) REFERENCES auth_providers(recid));
CREATE INDEX UQ__account___D23E50605BA10A17 ON account_users (element_guid);
CREATE TABLE users_sessions (element_guid uniqueidentifier NOT NULL, users_guid uniqueidentifier NOT NULL, element_created_at datetimeoffset DEFAULT (sysutcdatetime()) NOT NULL, element_token nvarchar(MAX) DEFAULT (CONVERT([nvarchar](64),newid())) NOT NULL, element_token_iat datetimeoffset DEFAULT (sysutcdatetime()) NOT NULL, element_token_exp datetimeoffset DEFAULT (sysutcdatetime()) NOT NULL, element_created_on datetimeoffset DEFAULT (sysutcdatetime()) NOT NULL, element_modified_on datetimeoffset DEFAULT (sysutcdatetime()) NOT NULL, PRIMARY KEY (element_guid), FOREIGN KEY (users_guid) REFERENCES account_users(element_guid));
CREATE TABLE storage_types (recid bigint NOT NULL, element_mimetype varchar(128) NOT NULL, element_displaytype varchar(64) NOT NULL, PRIMARY KEY (recid));
CREATE INDEX UQ__element___2647B0A5A8CD3589 ON storage_types (element_mimetype);
CREATE TABLE users_auth (recid bigint NOT NULL, users_guid uniqueidentifier NOT NULL, providers_recid bigint NOT NULL, element_identifier uniqueidentifier NOT NULL, element_linked bit DEFAULT ((0)) NOT NULL, element_created_on datetimeoffset DEFAULT (sysutcdatetime()) NOT NULL, element_modified_on datetimeoffset DEFAULT (sysutcdatetime()) NOT NULL, PRIMARY KEY (recid), FOREIGN KEY (providers_recid) REFERENCES auth_providers(recid), FOREIGN KEY (users_guid) REFERENCES account_users(element_guid));
CREATE INDEX UQ_users_auth_element_identifier ON users_auth (element_identifier);
CREATE TABLE account_actions (recid bigint NOT NULL, action_label nvarchar(64) NOT NULL, action_description nvarchar(1024), PRIMARY KEY (recid));
CREATE INDEX UQ__account___83A9315D3DCF8A1B ON account_actions (action_label);
CREATE TABLE users_storage_cache (recid bigint NOT NULL, users_guid uniqueidentifier NOT NULL, types_recid bigint NOT NULL, element_path nvarchar(512) NOT NULL, element_filename nvarchar(255) NOT NULL, element_public bit DEFAULT ((0)) NOT NULL, element_created_on datetimeoffset DEFAULT (sysutcdatetime()) NOT NULL, element_modified_on datetimeoffset DEFAULT (sysutcdatetime()) NOT NULL, element_deleted bit DEFAULT ((0)) NOT NULL, element_url nvarchar(1024), element_reported bit DEFAULT ((0)) NOT NULL, moderation_recid bigint, PRIMARY KEY (recid), FOREIGN KEY (moderation_recid) REFERENCES account_actions(recid), FOREIGN KEY (users_guid) REFERENCES account_users(element_guid), FOREIGN KEY (types_recid) REFERENCES storage_types(recid));
CREATE INDEX UQ_users_storage_cache ON users_storage_cache (users_guid, element_path, element_filename);
CREATE TABLE frontend_links (recid bigint NOT NULL, element_sequence int DEFAULT ((0)) NOT NULL, element_title nvarchar(MAX), element_url nvarchar(MAX), PRIMARY KEY (recid));
CREATE TABLE frontend_routes (recid bigint NOT NULL, element_enablement nvarchar(1) DEFAULT ('0') NOT NULL, element_roles bigint DEFAULT ((0)) NOT NULL, element_sequence int DEFAULT ((0)) NOT NULL, element_path nvarchar(512), element_name nvarchar(256), element_icon nvarchar(256), PRIMARY KEY (recid));
CREATE TABLE system_config (recid bigint NOT NULL, element_key nvarchar(1024), element_value nvarchar(MAX), PRIMARY KEY (recid));
CREATE TABLE system_edt_mappings (recid bigint NOT NULL, element_name nvarchar(64) NOT NULL, element_mssql_type nvarchar(128) NOT NULL, element_postgresql_type nvarchar(128) NOT NULL, element_mysql_type nvarchar(128) NOT NULL, element_python_type nvarchar(64) NOT NULL, element_odbc_type_code int NOT NULL, element_max_length int, element_notes nvarchar(2048), element_created_on datetimeoffset DEFAULT (sysutcdatetime()) NOT NULL, element_modified_on datetimeoffset DEFAULT (sysutcdatetime()) NOT NULL, PRIMARY KEY (recid));
CREATE UNIQUE INDEX UQ_system_edt_mappings_name ON system_edt_mappings (element_name);
CREATE TABLE system_schema_tables (recid bigint NOT NULL, element_name nvarchar(128) NOT NULL, element_schema nvarchar(64) DEFAULT ('dbo') NOT NULL, element_description nvarchar(1024), element_created_on datetimeoffset DEFAULT (sysutcdatetime()) NOT NULL, element_modified_on datetimeoffset DEFAULT (sysutcdatetime()) NOT NULL, PRIMARY KEY (recid));
CREATE UNIQUE INDEX UQ_system_schema_tables_schema_name ON system_schema_tables (element_schema, element_name);
CREATE TABLE system_schema_columns (recid bigint NOT NULL, tables_recid bigint NOT NULL, edt_recid bigint NOT NULL, element_name nvarchar(128) NOT NULL, element_ordinal int NOT NULL, element_nullable bit DEFAULT ((0)) NOT NULL, element_default nvarchar(512), element_max_length int, element_is_primary_key bit DEFAULT ((0)) NOT NULL, element_is_identity bit DEFAULT ((0)) NOT NULL, element_description nvarchar(1024), element_created_on datetimeoffset DEFAULT (sysutcdatetime()) NOT NULL, element_modified_on datetimeoffset DEFAULT (sysutcdatetime()) NOT NULL, PRIMARY KEY (recid), FOREIGN KEY (edt_recid) REFERENCES system_edt_mappings(recid), FOREIGN KEY (tables_recid) REFERENCES system_schema_tables(recid));
CREATE UNIQUE INDEX UQ_system_schema_columns_table_column ON system_schema_columns (tables_recid, element_name);
CREATE INDEX IX_system_schema_columns_table_ordinal ON system_schema_columns (tables_recid, element_ordinal);
CREATE TABLE system_schema_indexes (recid bigint NOT NULL, tables_recid bigint NOT NULL, element_name nvarchar(256) NOT NULL, element_columns nvarchar(1024) NOT NULL, element_is_unique bit DEFAULT ((0)) NOT NULL, element_created_on datetimeoffset DEFAULT (sysutcdatetime()) NOT NULL, element_modified_on datetimeoffset DEFAULT (sysutcdatetime()) NOT NULL, PRIMARY KEY (recid), FOREIGN KEY (tables_recid) REFERENCES system_schema_tables(recid));
CREATE UNIQUE INDEX UQ_system_schema_indexes_table_name ON system_schema_indexes (tables_recid, element_name);
CREATE TABLE system_schema_foreign_keys (recid bigint NOT NULL, tables_recid bigint NOT NULL, element_column_name nvarchar(128) NOT NULL, referenced_tables_recid bigint NOT NULL, element_referenced_column nvarchar(128) NOT NULL, element_created_on datetimeoffset DEFAULT (sysutcdatetime()) NOT NULL, element_modified_on datetimeoffset DEFAULT (sysutcdatetime()) NOT NULL, PRIMARY KEY (recid), FOREIGN KEY (referenced_tables_recid) REFERENCES system_schema_tables(recid), FOREIGN KEY (tables_recid) REFERENCES system_schema_tables(recid));
CREATE UNIQUE INDEX UQ_system_schema_foreign_keys_table_column ON system_schema_foreign_keys (tables_recid, element_column_name);
CREATE TABLE system_schema_views (recid bigint NOT NULL, element_name nvarchar(128) NOT NULL, element_schema nvarchar(64) DEFAULT ('dbo') NOT NULL, element_definition nvarchar(MAX) NOT NULL, element_description nvarchar(1024), element_created_on datetimeoffset DEFAULT (sysutcdatetime()) NOT NULL, element_modified_on datetimeoffset DEFAULT (sysutcdatetime()) NOT NULL, PRIMARY KEY (recid));
CREATE UNIQUE INDEX UQ_system_schema_views_schema_name ON system_schema_views (element_schema, element_name);
INSERT INTO system_edt_mappings (recid, element_name, element_mssql_type, element_postgresql_type, element_mysql_type, element_python_type, element_odbc_type_code, element_max_length, element_notes) VALUES (1, 'INT32', 'int', 'integer', 'int', 'int', 4, 4, 'Standard 32-bit signed integer.');
INSERT INTO system_edt_mappings (recid, element_name, element_mssql_type, element_postgresql_type, element_mysql_type, element_python_type, element_odbc_type_code, element_max_length, element_notes) VALUES (2, 'INT64', 'bigint', 'bigint', 'bigint', 'int', -5, 8, 'Standard 64-bit signed integer.');
INSERT INTO system_edt_mappings (recid, element_name, element_mssql_type, element_postgresql_type, element_mysql_type, element_python_type, element_odbc_type_code, element_max_length, element_notes) VALUES (3, 'INT64_IDENTITY', 'bigint identity(1,1)', 'bigserial', 'bigint auto_increment', 'int', -5, 8, 'Auto-numbering key: MSSQL IDENTITY, PostgreSQL BIGSERIAL, MySQL AUTO_INCREMENT.');
INSERT INTO system_edt_mappings (recid, element_name, element_mssql_type, element_postgresql_type, element_mysql_type, element_python_type, element_odbc_type_code, element_max_length, element_notes) VALUES (4, 'UUID', 'uniqueidentifier', 'uuid', 'char(36)', 'UUID', -11, 36, 'Prefer native UUID in MSSQL/PostgreSQL; MySQL commonly stores canonical text UUID unless BINARY(16) strategy is enabled.');
INSERT INTO system_edt_mappings (recid, element_name, element_mssql_type, element_postgresql_type, element_mysql_type, element_python_type, element_odbc_type_code, element_max_length, element_notes) VALUES (5, 'BOOL', 'bit', 'boolean', 'boolean', 'bool', -7, 1, 'MSSQL BIT stores 0/1; PostgreSQL and MySQL BOOLEAN are logical aliases.');
INSERT INTO system_edt_mappings (recid, element_name, element_mssql_type, element_postgresql_type, element_mysql_type, element_python_type, element_odbc_type_code, element_max_length, element_notes) VALUES (6, 'DATETIME', 'datetime2(7)', 'timestamp', 'datetime(6)', 'datetime', 93, NULL, 'Timezone-naive timestamp. MySQL DATETIME(6) stores no timezone metadata.');
INSERT INTO system_edt_mappings (recid, element_name, element_mssql_type, element_postgresql_type, element_mysql_type, element_python_type, element_odbc_type_code, element_max_length, element_notes) VALUES (7, 'DATETIME_TZ', 'datetimeoffset(7)', 'timestamptz', 'timestamp', 'datetime', -150, NULL, 'Timezone-aware moment. MSSQL datetimeoffset may surface as ODBC type -150 in metadata and requires explicit handling. MySQL TIMESTAMP normalizes to session/server timezone and has narrower range than MSSQL/PostgreSQL.');
INSERT INTO system_edt_mappings (recid, element_name, element_mssql_type, element_postgresql_type, element_mysql_type, element_python_type, element_odbc_type_code, element_max_length, element_notes) VALUES (8, 'STRING', 'nvarchar', 'varchar', 'varchar', 'str', -9, NULL, 'Bounded Unicode string. Use element_max_length for concrete column limits.');
INSERT INTO system_edt_mappings (recid, element_name, element_mssql_type, element_postgresql_type, element_mysql_type, element_python_type, element_odbc_type_code, element_max_length, element_notes) VALUES (9, 'TEXT', 'nvarchar(max)', 'text', 'longtext', 'str', -10, NULL, 'Large/unbounded text payload. Keep collation and indexing behavior provider-specific.');
INSERT INTO system_edt_mappings (recid, element_name, element_mssql_type, element_postgresql_type, element_mysql_type, element_python_type, element_odbc_type_code, element_max_length, element_notes) VALUES (10, 'STRING_ASCII', 'varchar', 'varchar', 'varchar', 'str', 12, NULL, 'Non-Unicode/ANSI text in MSSQL; collation and Unicode behavior differ from NVARCHAR-backed EDTs.');
INSERT INTO system_schema_tables (recid, element_name, element_schema) VALUES (1, 'auth_providers', 'dbo');
INSERT INTO system_schema_tables (recid, element_name, element_schema) VALUES (2, 'account_users', 'dbo');
INSERT INTO system_schema_tables (recid, element_name, element_schema) VALUES (3, 'users_sessions', 'dbo');
INSERT INTO system_schema_tables (recid, element_name, element_schema) VALUES (4, 'storage_types', 'dbo');
INSERT INTO system_schema_tables (recid, element_name, element_schema) VALUES (5, 'users_auth', 'dbo');
INSERT INTO system_schema_tables (recid, element_name, element_schema) VALUES (6, 'account_actions', 'dbo');
INSERT INTO system_schema_tables (recid, element_name, element_schema) VALUES (7, 'users_storage_cache', 'dbo');
INSERT INTO system_schema_tables (recid, element_name, element_schema) VALUES (8, 'frontend_links', 'dbo');
INSERT INTO system_schema_tables (recid, element_name, element_schema) VALUES (9, 'frontend_routes', 'dbo');
INSERT INTO system_schema_tables (recid, element_name, element_schema) VALUES (10, 'system_config', 'dbo');
INSERT INTO system_schema_tables (recid, element_name, element_schema) VALUES (11, 'users_credits', 'dbo');
INSERT INTO system_schema_tables (recid, element_name, element_schema) VALUES (12, 'users_enablements', 'dbo');
INSERT INTO system_schema_tables (recid, element_name, element_schema) VALUES (13, 'users_profileimg', 'dbo');
INSERT INTO system_schema_tables (recid, element_name, element_schema) VALUES (14, 'users_roles', 'dbo');
INSERT INTO system_schema_tables (recid, element_name, element_schema) VALUES (15, 'system_roles', 'dbo');
INSERT INTO system_schema_tables (recid, element_name, element_schema) VALUES (16, 'discord_guilds', 'dbo');
INSERT INTO system_schema_tables (recid, element_name, element_schema) VALUES (17, 'sessions_devices', 'dbo');
INSERT INTO system_schema_tables (recid, element_name, element_schema) VALUES (18, 'users_actions_log', 'dbo');
INSERT INTO system_schema_tables (recid, element_name, element_schema) VALUES (19, 'assistant_models', 'dbo');
INSERT INTO system_schema_tables (recid, element_name, element_schema) VALUES (20, 'assistant_personas', 'dbo');
INSERT INTO system_schema_tables (recid, element_name, element_schema) VALUES (21, 'assistant_conversations', 'dbo');
INSERT INTO system_schema_tables (recid, element_name, element_schema) VALUES (22, 'service_pages', 'dbo');
INSERT INTO system_schema_tables (recid, element_name, element_schema) VALUES (23, 'system_edt_mappings', 'dbo');
INSERT INTO system_schema_tables (recid, element_name, element_schema) VALUES (24, 'system_schema_tables', 'dbo');
INSERT INTO system_schema_tables (recid, element_name, element_schema) VALUES (25, 'system_schema_columns', 'dbo');
INSERT INTO system_schema_tables (recid, element_name, element_schema) VALUES (26, 'system_schema_indexes', 'dbo');
INSERT INTO system_schema_tables (recid, element_name, element_schema) VALUES (27, 'system_schema_foreign_keys', 'dbo');
INSERT INTO system_schema_tables (recid, element_name, element_schema) VALUES (28, 'system_schema_views', 'dbo');
INSERT INTO system_schema_columns (recid, tables_recid, edt_recid, element_name, element_ordinal, element_nullable, element_default, element_max_length, element_is_primary_key, element_is_identity) VALUES (1, 1, (SELECT recid FROM system_edt_mappings WHERE element_name = 'INT64'), 'recid', 1, 0, NULL, NULL, 1, 0);
INSERT INTO system_schema_columns (recid, tables_recid, edt_recid, element_name, element_ordinal, element_nullable, element_default, element_max_length, element_is_primary_key, element_is_identity) VALUES (2, 1, (SELECT recid FROM system_edt_mappings WHERE element_name = 'STRING'), 'element_name', 2, 0, NULL, 1024, 0, 0);
INSERT INTO system_schema_columns (recid, tables_recid, edt_recid, element_name, element_ordinal, element_nullable, element_default, element_max_length, element_is_primary_key, element_is_identity) VALUES (3, 1, (SELECT recid FROM system_edt_mappings WHERE element_name = 'STRING'), 'element_display', 3, 0, NULL, 1024, 0, 0);
INSERT INTO system_schema_columns (recid, tables_recid, edt_recid, element_name, element_ordinal, element_nullable, element_default, element_max_length, element_is_primary_key, element_is_identity) VALUES (4, 2, (SELECT recid FROM system_edt_mappings WHERE element_name = 'INT64'), 'recid', 1, 0, NULL, NULL, 1, 0);
INSERT INTO system_schema_columns (recid, tables_recid, edt_recid, element_name, element_ordinal, element_nullable, element_default, element_max_length, element_is_primary_key, element_is_identity) VALUES (5, 2, (SELECT recid FROM system_edt_mappings WHERE element_name = 'UUID'), 'element_guid', 2, 0, NULL, NULL, 0, 0);
INSERT INTO system_schema_columns (recid, tables_recid, edt_recid, element_name, element_ordinal, element_nullable, element_default, element_max_length, element_is_primary_key, element_is_identity) VALUES (6, 2, (SELECT recid FROM system_edt_mappings WHERE element_name = 'TEXT'), 'element_rotkey', 3, 0, NULL, NULL, 0, 0);
INSERT INTO system_schema_columns (recid, tables_recid, edt_recid, element_name, element_ordinal, element_nullable, element_default, element_max_length, element_is_primary_key, element_is_identity) VALUES (7, 2, (SELECT recid FROM system_edt_mappings WHERE element_name = 'DATETIME_TZ'), 'element_rotkey_iat', 4, 0, '(sysutcdatetime())', NULL, 0, 0);
INSERT INTO system_schema_columns (recid, tables_recid, edt_recid, element_name, element_ordinal, element_nullable, element_default, element_max_length, element_is_primary_key, element_is_identity) VALUES (8, 2, (SELECT recid FROM system_edt_mappings WHERE element_name = 'DATETIME_TZ'), 'element_rotkey_exp', 5, 0, NULL, NULL, 0, 0);
INSERT INTO system_schema_columns (recid, tables_recid, edt_recid, element_name, element_ordinal, element_nullable, element_default, element_max_length, element_is_primary_key, element_is_identity) VALUES (9, 2, (SELECT recid FROM system_edt_mappings WHERE element_name = 'STRING'), 'element_email', 6, 0, NULL, 1024, 0, 0);
INSERT INTO system_schema_columns (recid, tables_recid, edt_recid, element_name, element_ordinal, element_nullable, element_default, element_max_length, element_is_primary_key, element_is_identity) VALUES (10, 2, (SELECT recid FROM system_edt_mappings WHERE element_name = 'STRING'), 'element_display', 7, 0, NULL, 1024, 0, 0);
INSERT INTO system_schema_columns (recid, tables_recid, edt_recid, element_name, element_ordinal, element_nullable, element_default, element_max_length, element_is_primary_key, element_is_identity) VALUES (11, 2, (SELECT recid FROM system_edt_mappings WHERE element_name = 'INT64'), 'providers_recid', 8, 1, NULL, NULL, 0, 0);
INSERT INTO system_schema_columns (recid, tables_recid, edt_recid, element_name, element_ordinal, element_nullable, element_default, element_max_length, element_is_primary_key, element_is_identity) VALUES (12, 2, (SELECT recid FROM system_edt_mappings WHERE element_name = 'BOOL'), 'element_optin', 9, 0, '((0))', NULL, 0, 0);
INSERT INTO system_schema_columns (recid, tables_recid, edt_recid, element_name, element_ordinal, element_nullable, element_default, element_max_length, element_is_primary_key, element_is_identity) VALUES (13, 2, (SELECT recid FROM system_edt_mappings WHERE element_name = 'DATETIME_TZ'), 'element_created_on', 10, 0, '(sysutcdatetime())', NULL, 0, 0);
INSERT INTO system_schema_columns (recid, tables_recid, edt_recid, element_name, element_ordinal, element_nullable, element_default, element_max_length, element_is_primary_key, element_is_identity) VALUES (14, 2, (SELECT recid FROM system_edt_mappings WHERE element_name = 'DATETIME_TZ'), 'element_modified_on', 11, 0, '(sysutcdatetime())', NULL, 0, 0);
INSERT INTO system_schema_columns (recid, tables_recid, edt_recid, element_name, element_ordinal, element_nullable, element_default, element_max_length, element_is_primary_key, element_is_identity) VALUES (15, 3, (SELECT recid FROM system_edt_mappings WHERE element_name = 'UUID'), 'element_guid', 1, 0, NULL, NULL, 1, 0);
INSERT INTO system_schema_columns (recid, tables_recid, edt_recid, element_name, element_ordinal, element_nullable, element_default, element_max_length, element_is_primary_key, element_is_identity) VALUES (16, 3, (SELECT recid FROM system_edt_mappings WHERE element_name = 'UUID'), 'users_guid', 2, 0, NULL, NULL, 0, 0);
INSERT INTO system_schema_columns (recid, tables_recid, edt_recid, element_name, element_ordinal, element_nullable, element_default, element_max_length, element_is_primary_key, element_is_identity) VALUES (17, 3, (SELECT recid FROM system_edt_mappings WHERE element_name = 'DATETIME_TZ'), 'element_created_at', 3, 0, '(sysutcdatetime())', NULL, 0, 0);
INSERT INTO system_schema_columns (recid, tables_recid, edt_recid, element_name, element_ordinal, element_nullable, element_default, element_max_length, element_is_primary_key, element_is_identity) VALUES (18, 3, (SELECT recid FROM system_edt_mappings WHERE element_name = 'TEXT'), 'element_token', 4, 0, '(CONVERT([nvarchar](64),newid()))', NULL, 0, 0);
INSERT INTO system_schema_columns (recid, tables_recid, edt_recid, element_name, element_ordinal, element_nullable, element_default, element_max_length, element_is_primary_key, element_is_identity) VALUES (19, 3, (SELECT recid FROM system_edt_mappings WHERE element_name = 'DATETIME_TZ'), 'element_token_iat', 5, 0, '(sysutcdatetime())', NULL, 0, 0);
INSERT INTO system_schema_columns (recid, tables_recid, edt_recid, element_name, element_ordinal, element_nullable, element_default, element_max_length, element_is_primary_key, element_is_identity) VALUES (20, 3, (SELECT recid FROM system_edt_mappings WHERE element_name = 'DATETIME_TZ'), 'element_token_exp', 6, 0, '(sysutcdatetime())', NULL, 0, 0);
INSERT INTO system_schema_columns (recid, tables_recid, edt_recid, element_name, element_ordinal, element_nullable, element_default, element_max_length, element_is_primary_key, element_is_identity) VALUES (21, 3, (SELECT recid FROM system_edt_mappings WHERE element_name = 'DATETIME_TZ'), 'element_created_on', 7, 0, '(sysutcdatetime())', NULL, 0, 0);
INSERT INTO system_schema_columns (recid, tables_recid, edt_recid, element_name, element_ordinal, element_nullable, element_default, element_max_length, element_is_primary_key, element_is_identity) VALUES (22, 3, (SELECT recid FROM system_edt_mappings WHERE element_name = 'DATETIME_TZ'), 'element_modified_on', 8, 0, '(sysutcdatetime())', NULL, 0, 0);
INSERT INTO system_schema_columns (recid, tables_recid, edt_recid, element_name, element_ordinal, element_nullable, element_default, element_max_length, element_is_primary_key, element_is_identity) VALUES (23, 4, (SELECT recid FROM system_edt_mappings WHERE element_name = 'INT64'), 'recid', 1, 0, NULL, NULL, 1, 0);
INSERT INTO system_schema_columns (recid, tables_recid, edt_recid, element_name, element_ordinal, element_nullable, element_default, element_max_length, element_is_primary_key, element_is_identity) VALUES (24, 4, (SELECT recid FROM system_edt_mappings WHERE element_name = 'STRING_ASCII'), 'element_mimetype', 2, 0, NULL, 128, 0, 0);
INSERT INTO system_schema_columns (recid, tables_recid, edt_recid, element_name, element_ordinal, element_nullable, element_default, element_max_length, element_is_primary_key, element_is_identity) VALUES (25, 4, (SELECT recid FROM system_edt_mappings WHERE element_name = 'STRING_ASCII'), 'element_displaytype', 3, 0, NULL, 64, 0, 0);
INSERT INTO system_schema_columns (recid, tables_recid, edt_recid, element_name, element_ordinal, element_nullable, element_default, element_max_length, element_is_primary_key, element_is_identity) VALUES (26, 5, (SELECT recid FROM system_edt_mappings WHERE element_name = 'INT64'), 'recid', 1, 0, NULL, NULL, 1, 0);
INSERT INTO system_schema_columns (recid, tables_recid, edt_recid, element_name, element_ordinal, element_nullable, element_default, element_max_length, element_is_primary_key, element_is_identity) VALUES (27, 5, (SELECT recid FROM system_edt_mappings WHERE element_name = 'UUID'), 'users_guid', 2, 0, NULL, NULL, 0, 0);
INSERT INTO system_schema_columns (recid, tables_recid, edt_recid, element_name, element_ordinal, element_nullable, element_default, element_max_length, element_is_primary_key, element_is_identity) VALUES (28, 5, (SELECT recid FROM system_edt_mappings WHERE element_name = 'INT64'), 'providers_recid', 3, 0, NULL, NULL, 0, 0);
INSERT INTO system_schema_columns (recid, tables_recid, edt_recid, element_name, element_ordinal, element_nullable, element_default, element_max_length, element_is_primary_key, element_is_identity) VALUES (29, 5, (SELECT recid FROM system_edt_mappings WHERE element_name = 'UUID'), 'element_identifier', 4, 0, NULL, NULL, 0, 0);
INSERT INTO system_schema_columns (recid, tables_recid, edt_recid, element_name, element_ordinal, element_nullable, element_default, element_max_length, element_is_primary_key, element_is_identity) VALUES (30, 5, (SELECT recid FROM system_edt_mappings WHERE element_name = 'BOOL'), 'element_linked', 5, 0, '((0))', NULL, 0, 0);
INSERT INTO system_schema_columns (recid, tables_recid, edt_recid, element_name, element_ordinal, element_nullable, element_default, element_max_length, element_is_primary_key, element_is_identity) VALUES (31, 5, (SELECT recid FROM system_edt_mappings WHERE element_name = 'DATETIME_TZ'), 'element_created_on', 6, 0, '(sysutcdatetime())', NULL, 0, 0);
INSERT INTO system_schema_columns (recid, tables_recid, edt_recid, element_name, element_ordinal, element_nullable, element_default, element_max_length, element_is_primary_key, element_is_identity) VALUES (32, 5, (SELECT recid FROM system_edt_mappings WHERE element_name = 'DATETIME_TZ'), 'element_modified_on', 7, 0, '(sysutcdatetime())', NULL, 0, 0);
INSERT INTO system_schema_columns (recid, tables_recid, edt_recid, element_name, element_ordinal, element_nullable, element_default, element_max_length, element_is_primary_key, element_is_identity) VALUES (33, 6, (SELECT recid FROM system_edt_mappings WHERE element_name = 'INT64'), 'recid', 1, 0, NULL, NULL, 1, 0);
INSERT INTO system_schema_columns (recid, tables_recid, edt_recid, element_name, element_ordinal, element_nullable, element_default, element_max_length, element_is_primary_key, element_is_identity) VALUES (34, 6, (SELECT recid FROM system_edt_mappings WHERE element_name = 'STRING'), 'action_label', 2, 0, NULL, 64, 0, 0);
INSERT INTO system_schema_columns (recid, tables_recid, edt_recid, element_name, element_ordinal, element_nullable, element_default, element_max_length, element_is_primary_key, element_is_identity) VALUES (35, 6, (SELECT recid FROM system_edt_mappings WHERE element_name = 'STRING'), 'action_description', 3, 1, NULL, 1024, 0, 0);
INSERT INTO system_schema_columns (recid, tables_recid, edt_recid, element_name, element_ordinal, element_nullable, element_default, element_max_length, element_is_primary_key, element_is_identity) VALUES (36, 7, (SELECT recid FROM system_edt_mappings WHERE element_name = 'INT64'), 'recid', 1, 0, NULL, NULL, 1, 0);
INSERT INTO system_schema_columns (recid, tables_recid, edt_recid, element_name, element_ordinal, element_nullable, element_default, element_max_length, element_is_primary_key, element_is_identity) VALUES (37, 7, (SELECT recid FROM system_edt_mappings WHERE element_name = 'UUID'), 'users_guid', 2, 0, NULL, NULL, 0, 0);
INSERT INTO system_schema_columns (recid, tables_recid, edt_recid, element_name, element_ordinal, element_nullable, element_default, element_max_length, element_is_primary_key, element_is_identity) VALUES (38, 7, (SELECT recid FROM system_edt_mappings WHERE element_name = 'INT64'), 'types_recid', 3, 0, NULL, NULL, 0, 0);
INSERT INTO system_schema_columns (recid, tables_recid, edt_recid, element_name, element_ordinal, element_nullable, element_default, element_max_length, element_is_primary_key, element_is_identity) VALUES (39, 7, (SELECT recid FROM system_edt_mappings WHERE element_name = 'STRING'), 'element_path', 4, 0, NULL, 512, 0, 0);
INSERT INTO system_schema_columns (recid, tables_recid, edt_recid, element_name, element_ordinal, element_nullable, element_default, element_max_length, element_is_primary_key, element_is_identity) VALUES (40, 7, (SELECT recid FROM system_edt_mappings WHERE element_name = 'STRING'), 'element_filename', 5, 0, NULL, 255, 0, 0);
INSERT INTO system_schema_columns (recid, tables_recid, edt_recid, element_name, element_ordinal, element_nullable, element_default, element_max_length, element_is_primary_key, element_is_identity) VALUES (41, 7, (SELECT recid FROM system_edt_mappings WHERE element_name = 'BOOL'), 'element_public', 6, 0, '((0))', NULL, 0, 0);
INSERT INTO system_schema_columns (recid, tables_recid, edt_recid, element_name, element_ordinal, element_nullable, element_default, element_max_length, element_is_primary_key, element_is_identity) VALUES (42, 7, (SELECT recid FROM system_edt_mappings WHERE element_name = 'DATETIME_TZ'), 'element_created_on', 7, 0, '(sysutcdatetime())', NULL, 0, 0);
INSERT INTO system_schema_columns (recid, tables_recid, edt_recid, element_name, element_ordinal, element_nullable, element_default, element_max_length, element_is_primary_key, element_is_identity) VALUES (43, 7, (SELECT recid FROM system_edt_mappings WHERE element_name = 'DATETIME_TZ'), 'element_modified_on', 8, 1, NULL, NULL, 0, 0);
INSERT INTO system_schema_columns (recid, tables_recid, edt_recid, element_name, element_ordinal, element_nullable, element_default, element_max_length, element_is_primary_key, element_is_identity) VALUES (44, 7, (SELECT recid FROM system_edt_mappings WHERE element_name = 'BOOL'), 'element_deleted', 9, 0, '((0))', NULL, 0, 0);
INSERT INTO system_schema_columns (recid, tables_recid, edt_recid, element_name, element_ordinal, element_nullable, element_default, element_max_length, element_is_primary_key, element_is_identity) VALUES (45, 7, (SELECT recid FROM system_edt_mappings WHERE element_name = 'STRING'), 'element_url', 10, 1, NULL, 1024, 0, 0);
INSERT INTO system_schema_columns (recid, tables_recid, edt_recid, element_name, element_ordinal, element_nullable, element_default, element_max_length, element_is_primary_key, element_is_identity) VALUES (46, 7, (SELECT recid FROM system_edt_mappings WHERE element_name = 'BOOL'), 'element_reported', 11, 0, '((0))', NULL, 0, 0);
INSERT INTO system_schema_columns (recid, tables_recid, edt_recid, element_name, element_ordinal, element_nullable, element_default, element_max_length, element_is_primary_key, element_is_identity) VALUES (47, 7, (SELECT recid FROM system_edt_mappings WHERE element_name = 'INT64'), 'moderation_recid', 12, 1, NULL, NULL, 0, 0);
INSERT INTO system_schema_columns (recid, tables_recid, edt_recid, element_name, element_ordinal, element_nullable, element_default, element_max_length, element_is_primary_key, element_is_identity) VALUES (48, 8, (SELECT recid FROM system_edt_mappings WHERE element_name = 'INT64'), 'recid', 1, 0, NULL, NULL, 1, 0);
INSERT INTO system_schema_columns (recid, tables_recid, edt_recid, element_name, element_ordinal, element_nullable, element_default, element_max_length, element_is_primary_key, element_is_identity) VALUES (49, 8, (SELECT recid FROM system_edt_mappings WHERE element_name = 'INT32'), 'element_sequence', 2, 0, '((0))', NULL, 0, 0);
INSERT INTO system_schema_columns (recid, tables_recid, edt_recid, element_name, element_ordinal, element_nullable, element_default, element_max_length, element_is_primary_key, element_is_identity) VALUES (50, 8, (SELECT recid FROM system_edt_mappings WHERE element_name = 'TEXT'), 'element_title', 3, 1, NULL, NULL, 0, 0);
INSERT INTO system_schema_columns (recid, tables_recid, edt_recid, element_name, element_ordinal, element_nullable, element_default, element_max_length, element_is_primary_key, element_is_identity) VALUES (51, 8, (SELECT recid FROM system_edt_mappings WHERE element_name = 'TEXT'), 'element_url', 4, 1, NULL, NULL, 0, 0);
INSERT INTO system_schema_columns (recid, tables_recid, edt_recid, element_name, element_ordinal, element_nullable, element_default, element_max_length, element_is_primary_key, element_is_identity) VALUES (52, 9, (SELECT recid FROM system_edt_mappings WHERE element_name = 'INT64'), 'recid', 1, 0, NULL, NULL, 1, 0);
INSERT INTO system_schema_columns (recid, tables_recid, edt_recid, element_name, element_ordinal, element_nullable, element_default, element_max_length, element_is_primary_key, element_is_identity) VALUES (53, 9, (SELECT recid FROM system_edt_mappings WHERE element_name = 'STRING'), 'element_enablement', 2, 0, '(''0'')', 1, 0, 0);
INSERT INTO system_schema_columns (recid, tables_recid, edt_recid, element_name, element_ordinal, element_nullable, element_default, element_max_length, element_is_primary_key, element_is_identity) VALUES (54, 9, (SELECT recid FROM system_edt_mappings WHERE element_name = 'INT64'), 'element_roles', 3, 0, '((0))', NULL, 0, 0);
INSERT INTO system_schema_columns (recid, tables_recid, edt_recid, element_name, element_ordinal, element_nullable, element_default, element_max_length, element_is_primary_key, element_is_identity) VALUES (55, 9, (SELECT recid FROM system_edt_mappings WHERE element_name = 'INT32'), 'element_sequence', 4, 0, '((0))', NULL, 0, 0);
INSERT INTO system_schema_columns (recid, tables_recid, edt_recid, element_name, element_ordinal, element_nullable, element_default, element_max_length, element_is_primary_key, element_is_identity) VALUES (56, 9, (SELECT recid FROM system_edt_mappings WHERE element_name = 'STRING'), 'element_path', 5, 1, NULL, 512, 0, 0);
INSERT INTO system_schema_columns (recid, tables_recid, edt_recid, element_name, element_ordinal, element_nullable, element_default, element_max_length, element_is_primary_key, element_is_identity) VALUES (57, 9, (SELECT recid FROM system_edt_mappings WHERE element_name = 'STRING'), 'element_name', 6, 1, NULL, 256, 0, 0);
INSERT INTO system_schema_columns (recid, tables_recid, edt_recid, element_name, element_ordinal, element_nullable, element_default, element_max_length, element_is_primary_key, element_is_identity) VALUES (58, 9, (SELECT recid FROM system_edt_mappings WHERE element_name = 'STRING'), 'element_icon', 7, 1, NULL, 256, 0, 0);
INSERT INTO system_schema_columns (recid, tables_recid, edt_recid, element_name, element_ordinal, element_nullable, element_default, element_max_length, element_is_primary_key, element_is_identity) VALUES (59, 10, (SELECT recid FROM system_edt_mappings WHERE element_name = 'INT64'), 'recid', 1, 0, NULL, NULL, 1, 0);
INSERT INTO system_schema_columns (recid, tables_recid, edt_recid, element_name, element_ordinal, element_nullable, element_default, element_max_length, element_is_primary_key, element_is_identity) VALUES (60, 10, (SELECT recid FROM system_edt_mappings WHERE element_name = 'STRING'), 'element_key', 2, 1, NULL, 1024, 0, 0);
INSERT INTO system_schema_columns (recid, tables_recid, edt_recid, element_name, element_ordinal, element_nullable, element_default, element_max_length, element_is_primary_key, element_is_identity) VALUES (61, 10, (SELECT recid FROM system_edt_mappings WHERE element_name = 'TEXT'), 'element_value', 3, 1, NULL, NULL, 0, 0);
INSERT INTO system_schema_columns (recid, tables_recid, edt_recid, element_name, element_ordinal, element_nullable, element_default, element_max_length, element_is_primary_key, element_is_identity) VALUES (62, 11, (SELECT recid FROM system_edt_mappings WHERE element_name = 'UUID'), 'users_guid', 1, 0, NULL, NULL, 1, 0);
INSERT INTO system_schema_columns (recid, tables_recid, edt_recid, element_name, element_ordinal, element_nullable, element_default, element_max_length, element_is_primary_key, element_is_identity) VALUES (63, 11, (SELECT recid FROM system_edt_mappings WHERE element_name = 'INT32'), 'element_credits', 2, 0, NULL, NULL, 0, 0);
INSERT INTO system_schema_columns (recid, tables_recid, edt_recid, element_name, element_ordinal, element_nullable, element_default, element_max_length, element_is_primary_key, element_is_identity) VALUES (64, 11, (SELECT recid FROM system_edt_mappings WHERE element_name = 'INT32'), 'element_reserve', 3, 1, NULL, NULL, 0, 0);
INSERT INTO system_schema_columns (recid, tables_recid, edt_recid, element_name, element_ordinal, element_nullable, element_default, element_max_length, element_is_primary_key, element_is_identity) VALUES (65, 11, (SELECT recid FROM system_edt_mappings WHERE element_name = 'DATETIME_TZ'), 'element_created_on', 4, 0, '(sysutcdatetime())', NULL, 0, 0);
INSERT INTO system_schema_columns (recid, tables_recid, edt_recid, element_name, element_ordinal, element_nullable, element_default, element_max_length, element_is_primary_key, element_is_identity) VALUES (66, 11, (SELECT recid FROM system_edt_mappings WHERE element_name = 'DATETIME_TZ'), 'element_modified_on', 5, 0, '(sysutcdatetime())', NULL, 0, 0);
INSERT INTO system_schema_columns (recid, tables_recid, edt_recid, element_name, element_ordinal, element_nullable, element_default, element_max_length, element_is_primary_key, element_is_identity) VALUES (67, 12, (SELECT recid FROM system_edt_mappings WHERE element_name = 'UUID'), 'users_guid', 1, 0, NULL, NULL, 1, 0);
INSERT INTO system_schema_columns (recid, tables_recid, edt_recid, element_name, element_ordinal, element_nullable, element_default, element_max_length, element_is_primary_key, element_is_identity) VALUES (68, 12, (SELECT recid FROM system_edt_mappings WHERE element_name = 'TEXT'), 'element_enablements', 2, 0, '(''0'')', NULL, 0, 0);
INSERT INTO system_schema_columns (recid, tables_recid, edt_recid, element_name, element_ordinal, element_nullable, element_default, element_max_length, element_is_primary_key, element_is_identity) VALUES (69, 12, (SELECT recid FROM system_edt_mappings WHERE element_name = 'DATETIME_TZ'), 'element_created_on', 3, 0, '(sysutcdatetime())', NULL, 0, 0);
INSERT INTO system_schema_columns (recid, tables_recid, edt_recid, element_name, element_ordinal, element_nullable, element_default, element_max_length, element_is_primary_key, element_is_identity) VALUES (70, 12, (SELECT recid FROM system_edt_mappings WHERE element_name = 'DATETIME_TZ'), 'element_modified_on', 4, 0, '(sysutcdatetime())', NULL, 0, 0);
INSERT INTO system_schema_columns (recid, tables_recid, edt_recid, element_name, element_ordinal, element_nullable, element_default, element_max_length, element_is_primary_key, element_is_identity) VALUES (71, 13, (SELECT recid FROM system_edt_mappings WHERE element_name = 'UUID'), 'users_guid', 1, 0, NULL, NULL, 0, 0);
INSERT INTO system_schema_columns (recid, tables_recid, edt_recid, element_name, element_ordinal, element_nullable, element_default, element_max_length, element_is_primary_key, element_is_identity) VALUES (72, 13, (SELECT recid FROM system_edt_mappings WHERE element_name = 'TEXT'), 'element_base64', 2, 1, NULL, NULL, 0, 0);
INSERT INTO system_schema_columns (recid, tables_recid, edt_recid, element_name, element_ordinal, element_nullable, element_default, element_max_length, element_is_primary_key, element_is_identity) VALUES (73, 13, (SELECT recid FROM system_edt_mappings WHERE element_name = 'INT64'), 'providers_recid', 3, 0, NULL, NULL, 0, 0);
INSERT INTO system_schema_columns (recid, tables_recid, edt_recid, element_name, element_ordinal, element_nullable, element_default, element_max_length, element_is_primary_key, element_is_identity) VALUES (74, 13, (SELECT recid FROM system_edt_mappings WHERE element_name = 'DATETIME_TZ'), 'element_created_on', 4, 0, '(sysutcdatetime())', NULL, 0, 0);
INSERT INTO system_schema_columns (recid, tables_recid, edt_recid, element_name, element_ordinal, element_nullable, element_default, element_max_length, element_is_primary_key, element_is_identity) VALUES (75, 13, (SELECT recid FROM system_edt_mappings WHERE element_name = 'DATETIME_TZ'), 'element_modified_on', 5, 0, '(sysutcdatetime())', NULL, 0, 0);
INSERT INTO system_schema_columns (recid, tables_recid, edt_recid, element_name, element_ordinal, element_nullable, element_default, element_max_length, element_is_primary_key, element_is_identity) VALUES (76, 14, (SELECT recid FROM system_edt_mappings WHERE element_name = 'UUID'), 'users_guid', 1, 0, NULL, NULL, 1, 0);
INSERT INTO system_schema_columns (recid, tables_recid, edt_recid, element_name, element_ordinal, element_nullable, element_default, element_max_length, element_is_primary_key, element_is_identity) VALUES (77, 14, (SELECT recid FROM system_edt_mappings WHERE element_name = 'INT64'), 'element_roles', 2, 0, '((0))', NULL, 0, 0);
INSERT INTO system_schema_columns (recid, tables_recid, edt_recid, element_name, element_ordinal, element_nullable, element_default, element_max_length, element_is_primary_key, element_is_identity) VALUES (78, 14, (SELECT recid FROM system_edt_mappings WHERE element_name = 'DATETIME_TZ'), 'element_created_on', 3, 0, '(sysutcdatetime())', NULL, 0, 0);
INSERT INTO system_schema_columns (recid, tables_recid, edt_recid, element_name, element_ordinal, element_nullable, element_default, element_max_length, element_is_primary_key, element_is_identity) VALUES (79, 14, (SELECT recid FROM system_edt_mappings WHERE element_name = 'DATETIME_TZ'), 'element_modified_on', 4, 0, '(sysutcdatetime())', NULL, 0, 0);
INSERT INTO system_schema_columns (recid, tables_recid, edt_recid, element_name, element_ordinal, element_nullable, element_default, element_max_length, element_is_primary_key, element_is_identity) VALUES (80, 15, (SELECT recid FROM system_edt_mappings WHERE element_name = 'INT64'), 'recid', 1, 0, NULL, NULL, 1, 0);
INSERT INTO system_schema_columns (recid, tables_recid, edt_recid, element_name, element_ordinal, element_nullable, element_default, element_max_length, element_is_primary_key, element_is_identity) VALUES (81, 15, (SELECT recid FROM system_edt_mappings WHERE element_name = 'INT64'), 'element_mask', 2, 0, '((0))', NULL, 0, 0);
INSERT INTO system_schema_columns (recid, tables_recid, edt_recid, element_name, element_ordinal, element_nullable, element_default, element_max_length, element_is_primary_key, element_is_identity) VALUES (82, 15, (SELECT recid FROM system_edt_mappings WHERE element_name = 'STRING'), 'element_enablement', 3, 0, '(''0'')', 1, 0, 0);
INSERT INTO system_schema_columns (recid, tables_recid, edt_recid, element_name, element_ordinal, element_nullable, element_default, element_max_length, element_is_primary_key, element_is_identity) VALUES (83, 15, (SELECT recid FROM system_edt_mappings WHERE element_name = 'STRING'), 'element_name', 4, 0, NULL, 1024, 0, 0);
INSERT INTO system_schema_columns (recid, tables_recid, edt_recid, element_name, element_ordinal, element_nullable, element_default, element_max_length, element_is_primary_key, element_is_identity) VALUES (84, 15, (SELECT recid FROM system_edt_mappings WHERE element_name = 'STRING'), 'element_display', 5, 1, NULL, 1024, 0, 0);
INSERT INTO system_schema_columns (recid, tables_recid, edt_recid, element_name, element_ordinal, element_nullable, element_default, element_max_length, element_is_primary_key, element_is_identity) VALUES (85, 16, (SELECT recid FROM system_edt_mappings WHERE element_name = 'INT64_IDENTITY'), 'recid', 1, 0, NULL, NULL, 1, 1);
INSERT INTO system_schema_columns (recid, tables_recid, edt_recid, element_name, element_ordinal, element_nullable, element_default, element_max_length, element_is_primary_key, element_is_identity) VALUES (86, 16, (SELECT recid FROM system_edt_mappings WHERE element_name = 'STRING'), 'element_guild_id', 2, 0, NULL, 64, 0, 0);
INSERT INTO system_schema_columns (recid, tables_recid, edt_recid, element_name, element_ordinal, element_nullable, element_default, element_max_length, element_is_primary_key, element_is_identity) VALUES (87, 16, (SELECT recid FROM system_edt_mappings WHERE element_name = 'STRING'), 'element_name', 3, 0, NULL, 256, 0, 0);
INSERT INTO system_schema_columns (recid, tables_recid, edt_recid, element_name, element_ordinal, element_nullable, element_default, element_max_length, element_is_primary_key, element_is_identity) VALUES (88, 16, (SELECT recid FROM system_edt_mappings WHERE element_name = 'DATETIME_TZ'), 'element_joined_on', 4, 0, '(sysutcdatetime())', NULL, 0, 0);
INSERT INTO system_schema_columns (recid, tables_recid, edt_recid, element_name, element_ordinal, element_nullable, element_default, element_max_length, element_is_primary_key, element_is_identity) VALUES (89, 16, (SELECT recid FROM system_edt_mappings WHERE element_name = 'INT32'), 'element_member_count', 5, 1, NULL, NULL, 0, 0);
INSERT INTO system_schema_columns (recid, tables_recid, edt_recid, element_name, element_ordinal, element_nullable, element_default, element_max_length, element_is_primary_key, element_is_identity) VALUES (90, 16, (SELECT recid FROM system_edt_mappings WHERE element_name = 'STRING'), 'element_owner_id', 6, 1, NULL, 64, 0, 0);
INSERT INTO system_schema_columns (recid, tables_recid, edt_recid, element_name, element_ordinal, element_nullable, element_default, element_max_length, element_is_primary_key, element_is_identity) VALUES (91, 16, (SELECT recid FROM system_edt_mappings WHERE element_name = 'STRING'), 'element_region', 7, 1, NULL, 128, 0, 0);
INSERT INTO system_schema_columns (recid, tables_recid, edt_recid, element_name, element_ordinal, element_nullable, element_default, element_max_length, element_is_primary_key, element_is_identity) VALUES (92, 16, (SELECT recid FROM system_edt_mappings WHERE element_name = 'DATETIME_TZ'), 'element_left_on', 8, 1, NULL, NULL, 0, 0);
INSERT INTO system_schema_columns (recid, tables_recid, edt_recid, element_name, element_ordinal, element_nullable, element_default, element_max_length, element_is_primary_key, element_is_identity) VALUES (93, 16, (SELECT recid FROM system_edt_mappings WHERE element_name = 'TEXT'), 'element_notes', 9, 1, NULL, NULL, 0, 0);
INSERT INTO system_schema_columns (recid, tables_recid, edt_recid, element_name, element_ordinal, element_nullable, element_default, element_max_length, element_is_primary_key, element_is_identity) VALUES (94, 17, (SELECT recid FROM system_edt_mappings WHERE element_name = 'UUID'), 'element_guid', 1, 0, NULL, NULL, 1, 0);
INSERT INTO system_schema_columns (recid, tables_recid, edt_recid, element_name, element_ordinal, element_nullable, element_default, element_max_length, element_is_primary_key, element_is_identity) VALUES (95, 17, (SELECT recid FROM system_edt_mappings WHERE element_name = 'UUID'), 'sessions_guid', 2, 0, NULL, NULL, 0, 0);
INSERT INTO system_schema_columns (recid, tables_recid, edt_recid, element_name, element_ordinal, element_nullable, element_default, element_max_length, element_is_primary_key, element_is_identity) VALUES (96, 17, (SELECT recid FROM system_edt_mappings WHERE element_name = 'TEXT'), 'element_token', 3, 0, NULL, NULL, 0, 0);
INSERT INTO system_schema_columns (recid, tables_recid, edt_recid, element_name, element_ordinal, element_nullable, element_default, element_max_length, element_is_primary_key, element_is_identity) VALUES (97, 17, (SELECT recid FROM system_edt_mappings WHERE element_name = 'DATETIME_TZ'), 'element_token_iat', 4, 0, '(sysutcdatetime())', NULL, 0, 0);
INSERT INTO system_schema_columns (recid, tables_recid, edt_recid, element_name, element_ordinal, element_nullable, element_default, element_max_length, element_is_primary_key, element_is_identity) VALUES (98, 17, (SELECT recid FROM system_edt_mappings WHERE element_name = 'DATETIME_TZ'), 'element_token_exp', 5, 0, '(sysutcdatetime())', NULL, 0, 0);
INSERT INTO system_schema_columns (recid, tables_recid, edt_recid, element_name, element_ordinal, element_nullable, element_default, element_max_length, element_is_primary_key, element_is_identity) VALUES (99, 17, (SELECT recid FROM system_edt_mappings WHERE element_name = 'STRING'), 'element_device_fingerprint', 6, 1, NULL, 512, 0, 0);
INSERT INTO system_schema_columns (recid, tables_recid, edt_recid, element_name, element_ordinal, element_nullable, element_default, element_max_length, element_is_primary_key, element_is_identity) VALUES (100, 17, (SELECT recid FROM system_edt_mappings WHERE element_name = 'STRING'), 'element_user_agent', 7, 1, NULL, 1024, 0, 0);
INSERT INTO system_schema_columns (recid, tables_recid, edt_recid, element_name, element_ordinal, element_nullable, element_default, element_max_length, element_is_primary_key, element_is_identity) VALUES (101, 17, (SELECT recid FROM system_edt_mappings WHERE element_name = 'STRING'), 'element_ip_last_seen', 8, 1, NULL, 64, 0, 0);
INSERT INTO system_schema_columns (recid, tables_recid, edt_recid, element_name, element_ordinal, element_nullable, element_default, element_max_length, element_is_primary_key, element_is_identity) VALUES (102, 17, (SELECT recid FROM system_edt_mappings WHERE element_name = 'DATETIME_TZ'), 'element_revoked_at', 9, 1, NULL, NULL, 0, 0);
INSERT INTO system_schema_columns (recid, tables_recid, edt_recid, element_name, element_ordinal, element_nullable, element_default, element_max_length, element_is_primary_key, element_is_identity) VALUES (103, 17, (SELECT recid FROM system_edt_mappings WHERE element_name = 'INT64'), 'providers_recid', 10, 0, '((0))', NULL, 0, 0);
INSERT INTO system_schema_columns (recid, tables_recid, edt_recid, element_name, element_ordinal, element_nullable, element_default, element_max_length, element_is_primary_key, element_is_identity) VALUES (104, 17, (SELECT recid FROM system_edt_mappings WHERE element_name = 'DATETIME_TZ'), 'element_created_on', 11, 0, '(sysutcdatetime())', NULL, 0, 0);
INSERT INTO system_schema_columns (recid, tables_recid, edt_recid, element_name, element_ordinal, element_nullable, element_default, element_max_length, element_is_primary_key, element_is_identity) VALUES (105, 17, (SELECT recid FROM system_edt_mappings WHERE element_name = 'DATETIME_TZ'), 'element_modified_on', 12, 0, '(sysutcdatetime())', NULL, 0, 0);
INSERT INTO system_schema_columns (recid, tables_recid, edt_recid, element_name, element_ordinal, element_nullable, element_default, element_max_length, element_is_primary_key, element_is_identity) VALUES (106, 18, (SELECT recid FROM system_edt_mappings WHERE element_name = 'INT64'), 'recid', 1, 0, NULL, NULL, 1, 0);
INSERT INTO system_schema_columns (recid, tables_recid, edt_recid, element_name, element_ordinal, element_nullable, element_default, element_max_length, element_is_primary_key, element_is_identity) VALUES (107, 18, (SELECT recid FROM system_edt_mappings WHERE element_name = 'UUID'), 'users_guid', 2, 0, NULL, NULL, 0, 0);
INSERT INTO system_schema_columns (recid, tables_recid, edt_recid, element_name, element_ordinal, element_nullable, element_default, element_max_length, element_is_primary_key, element_is_identity) VALUES (108, 18, (SELECT recid FROM system_edt_mappings WHERE element_name = 'INT64'), 'action_recid', 3, 0, NULL, NULL, 0, 0);
INSERT INTO system_schema_columns (recid, tables_recid, edt_recid, element_name, element_ordinal, element_nullable, element_default, element_max_length, element_is_primary_key, element_is_identity) VALUES (109, 18, (SELECT recid FROM system_edt_mappings WHERE element_name = 'STRING'), 'element_url', 4, 1, NULL, 1024, 0, 0);
INSERT INTO system_schema_columns (recid, tables_recid, edt_recid, element_name, element_ordinal, element_nullable, element_default, element_max_length, element_is_primary_key, element_is_identity) VALUES (110, 18, (SELECT recid FROM system_edt_mappings WHERE element_name = 'DATETIME'), 'element_logged_on', 5, 0, '(sysutcdatetime())', NULL, 0, 0);
INSERT INTO system_schema_columns (recid, tables_recid, edt_recid, element_name, element_ordinal, element_nullable, element_default, element_max_length, element_is_primary_key, element_is_identity) VALUES (111, 18, (SELECT recid FROM system_edt_mappings WHERE element_name = 'STRING'), 'element_notes', 6, 1, NULL, 1024, 0, 0);
INSERT INTO system_schema_columns (recid, tables_recid, edt_recid, element_name, element_ordinal, element_nullable, element_default, element_max_length, element_is_primary_key, element_is_identity) VALUES (112, 19, (SELECT recid FROM system_edt_mappings WHERE element_name = 'INT64'), 'recid', 1, 0, NULL, NULL, 1, 0);
INSERT INTO system_schema_columns (recid, tables_recid, edt_recid, element_name, element_ordinal, element_nullable, element_default, element_max_length, element_is_primary_key, element_is_identity) VALUES (113, 19, (SELECT recid FROM system_edt_mappings WHERE element_name = 'STRING'), 'element_name', 2, 0, NULL, 50, 0, 0);
INSERT INTO system_schema_columns (recid, tables_recid, edt_recid, element_name, element_ordinal, element_nullable, element_default, element_max_length, element_is_primary_key, element_is_identity) VALUES (114, 20, (SELECT recid FROM system_edt_mappings WHERE element_name = 'INT64'), 'recid', 1, 0, NULL, NULL, 1, 0);
INSERT INTO system_schema_columns (recid, tables_recid, edt_recid, element_name, element_ordinal, element_nullable, element_default, element_max_length, element_is_primary_key, element_is_identity) VALUES (115, 20, (SELECT recid FROM system_edt_mappings WHERE element_name = 'STRING'), 'element_name', 2, 0, NULL, 256, 0, 0);
INSERT INTO system_schema_columns (recid, tables_recid, edt_recid, element_name, element_ordinal, element_nullable, element_default, element_max_length, element_is_primary_key, element_is_identity) VALUES (116, 20, (SELECT recid FROM system_edt_mappings WHERE element_name = 'TEXT'), 'element_metadata', 3, 1, NULL, NULL, 0, 0);
INSERT INTO system_schema_columns (recid, tables_recid, edt_recid, element_name, element_ordinal, element_nullable, element_default, element_max_length, element_is_primary_key, element_is_identity) VALUES (117, 20, (SELECT recid FROM system_edt_mappings WHERE element_name = 'DATETIME_TZ'), 'element_created_on', 4, 0, '(sysutcdatetime())', NULL, 0, 0);
INSERT INTO system_schema_columns (recid, tables_recid, edt_recid, element_name, element_ordinal, element_nullable, element_default, element_max_length, element_is_primary_key, element_is_identity) VALUES (118, 20, (SELECT recid FROM system_edt_mappings WHERE element_name = 'DATETIME_TZ'), 'element_modified_on', 5, 0, '(sysutcdatetime())', NULL, 0, 0);
INSERT INTO system_schema_columns (recid, tables_recid, edt_recid, element_name, element_ordinal, element_nullable, element_default, element_max_length, element_is_primary_key, element_is_identity) VALUES (119, 20, (SELECT recid FROM system_edt_mappings WHERE element_name = 'INT32'), 'element_tokens', 6, 0, NULL, NULL, 0, 0);
INSERT INTO system_schema_columns (recid, tables_recid, edt_recid, element_name, element_ordinal, element_nullable, element_default, element_max_length, element_is_primary_key, element_is_identity) VALUES (120, 20, (SELECT recid FROM system_edt_mappings WHERE element_name = 'TEXT'), 'element_prompt', 7, 0, NULL, NULL, 0, 0);
INSERT INTO system_schema_columns (recid, tables_recid, edt_recid, element_name, element_ordinal, element_nullable, element_default, element_max_length, element_is_primary_key, element_is_identity) VALUES (121, 20, (SELECT recid FROM system_edt_mappings WHERE element_name = 'INT64'), 'models_recid', 8, 0, NULL, NULL, 0, 0);
INSERT INTO system_schema_columns (recid, tables_recid, edt_recid, element_name, element_ordinal, element_nullable, element_default, element_max_length, element_is_primary_key, element_is_identity) VALUES (122, 21, (SELECT recid FROM system_edt_mappings WHERE element_name = 'INT64'), 'recid', 1, 0, NULL, NULL, 1, 0);
INSERT INTO system_schema_columns (recid, tables_recid, edt_recid, element_name, element_ordinal, element_nullable, element_default, element_max_length, element_is_primary_key, element_is_identity) VALUES (123, 21, (SELECT recid FROM system_edt_mappings WHERE element_name = 'INT64'), 'personas_recid', 2, 0, NULL, NULL, 0, 0);
INSERT INTO system_schema_columns (recid, tables_recid, edt_recid, element_name, element_ordinal, element_nullable, element_default, element_max_length, element_is_primary_key, element_is_identity) VALUES (124, 21, (SELECT recid FROM system_edt_mappings WHERE element_name = 'STRING'), 'element_guild_id', 3, 1, NULL, 64, 0, 0);
INSERT INTO system_schema_columns (recid, tables_recid, edt_recid, element_name, element_ordinal, element_nullable, element_default, element_max_length, element_is_primary_key, element_is_identity) VALUES (125, 21, (SELECT recid FROM system_edt_mappings WHERE element_name = 'STRING'), 'element_channel_id', 4, 1, NULL, 64, 0, 0);
INSERT INTO system_schema_columns (recid, tables_recid, edt_recid, element_name, element_ordinal, element_nullable, element_default, element_max_length, element_is_primary_key, element_is_identity) VALUES (126, 21, (SELECT recid FROM system_edt_mappings WHERE element_name = 'TEXT'), 'element_input', 5, 1, NULL, NULL, 0, 0);
INSERT INTO system_schema_columns (recid, tables_recid, edt_recid, element_name, element_ordinal, element_nullable, element_default, element_max_length, element_is_primary_key, element_is_identity) VALUES (127, 21, (SELECT recid FROM system_edt_mappings WHERE element_name = 'TEXT'), 'element_output', 6, 1, NULL, NULL, 0, 0);
INSERT INTO system_schema_columns (recid, tables_recid, edt_recid, element_name, element_ordinal, element_nullable, element_default, element_max_length, element_is_primary_key, element_is_identity) VALUES (128, 21, (SELECT recid FROM system_edt_mappings WHERE element_name = 'DATETIME_TZ'), 'element_created_on', 7, 0, '(sysutcdatetime())', NULL, 0, 0);
INSERT INTO system_schema_columns (recid, tables_recid, edt_recid, element_name, element_ordinal, element_nullable, element_default, element_max_length, element_is_primary_key, element_is_identity) VALUES (129, 21, (SELECT recid FROM system_edt_mappings WHERE element_name = 'INT32'), 'element_tokens', 8, 1, NULL, NULL, 0, 0);
INSERT INTO system_schema_columns (recid, tables_recid, edt_recid, element_name, element_ordinal, element_nullable, element_default, element_max_length, element_is_primary_key, element_is_identity) VALUES (130, 21, (SELECT recid FROM system_edt_mappings WHERE element_name = 'STRING'), 'element_user_id', 9, 1, NULL, 64, 0, 0);
INSERT INTO system_schema_columns (recid, tables_recid, edt_recid, element_name, element_ordinal, element_nullable, element_default, element_max_length, element_is_primary_key, element_is_identity) VALUES (131, 21, (SELECT recid FROM system_edt_mappings WHERE element_name = 'INT64'), 'models_recid', 10, 0, NULL, NULL, 0, 0);
INSERT INTO system_schema_columns (recid, tables_recid, edt_recid, element_name, element_ordinal, element_nullable, element_default, element_max_length, element_is_primary_key, element_is_identity) VALUES (132, 22, (SELECT recid FROM system_edt_mappings WHERE element_name = 'INT64'), 'recid', 1, 0, NULL, NULL, 1, 0);
INSERT INTO system_schema_columns (recid, tables_recid, edt_recid, element_name, element_ordinal, element_nullable, element_default, element_max_length, element_is_primary_key, element_is_identity) VALUES (133, 22, (SELECT recid FROM system_edt_mappings WHERE element_name = 'STRING'), 'element_route_name', 2, 0, NULL, 200, 0, 0);
INSERT INTO system_schema_columns (recid, tables_recid, edt_recid, element_name, element_ordinal, element_nullable, element_default, element_max_length, element_is_primary_key, element_is_identity) VALUES (134, 22, (SELECT recid FROM system_edt_mappings WHERE element_name = 'TEXT'), 'element_pageblob', 3, 0, NULL, NULL, 0, 0);
INSERT INTO system_schema_columns (recid, tables_recid, edt_recid, element_name, element_ordinal, element_nullable, element_default, element_max_length, element_is_primary_key, element_is_identity) VALUES (135, 22, (SELECT recid FROM system_edt_mappings WHERE element_name = 'INT32'), 'element_version', 4, 0, '((1))', NULL, 0, 0);
INSERT INTO system_schema_columns (recid, tables_recid, edt_recid, element_name, element_ordinal, element_nullable, element_default, element_max_length, element_is_primary_key, element_is_identity) VALUES (136, 22, (SELECT recid FROM system_edt_mappings WHERE element_name = 'DATETIME_TZ'), 'element_created_on', 5, 0, '(sysutcdatetime())', NULL, 0, 0);
INSERT INTO system_schema_columns (recid, tables_recid, edt_recid, element_name, element_ordinal, element_nullable, element_default, element_max_length, element_is_primary_key, element_is_identity) VALUES (137, 22, (SELECT recid FROM system_edt_mappings WHERE element_name = 'DATETIME_TZ'), 'element_modified_on', 6, 0, '(sysutcdatetime())', NULL, 0, 0);
INSERT INTO system_schema_columns (recid, tables_recid, edt_recid, element_name, element_ordinal, element_nullable, element_default, element_max_length, element_is_primary_key, element_is_identity) VALUES (138, 22, (SELECT recid FROM system_edt_mappings WHERE element_name = 'UUID'), 'element_created_by', 7, 0, NULL, NULL, 0, 0);
INSERT INTO system_schema_columns (recid, tables_recid, edt_recid, element_name, element_ordinal, element_nullable, element_default, element_max_length, element_is_primary_key, element_is_identity) VALUES (139, 22, (SELECT recid FROM system_edt_mappings WHERE element_name = 'UUID'), 'element_modified_by', 8, 0, NULL, NULL, 0, 0);
INSERT INTO system_schema_columns (recid, tables_recid, edt_recid, element_name, element_ordinal, element_nullable, element_default, element_max_length, element_is_primary_key, element_is_identity) VALUES (140, 22, (SELECT recid FROM system_edt_mappings WHERE element_name = 'BOOL'), 'element_is_active', 9, 0, '((1))', NULL, 0, 0);
INSERT INTO system_schema_columns (recid, tables_recid, edt_recid, element_name, element_ordinal, element_nullable, element_default, element_max_length, element_is_primary_key, element_is_identity) VALUES (141, 23, (SELECT recid FROM system_edt_mappings WHERE element_name = 'INT64'), 'recid', 1, 0, NULL, NULL, 1, 0);
INSERT INTO system_schema_columns (recid, tables_recid, edt_recid, element_name, element_ordinal, element_nullable, element_default, element_max_length, element_is_primary_key, element_is_identity) VALUES (142, 23, (SELECT recid FROM system_edt_mappings WHERE element_name = 'STRING'), 'element_name', 2, 0, NULL, 64, 0, 0);
INSERT INTO system_schema_columns (recid, tables_recid, edt_recid, element_name, element_ordinal, element_nullable, element_default, element_max_length, element_is_primary_key, element_is_identity) VALUES (143, 23, (SELECT recid FROM system_edt_mappings WHERE element_name = 'STRING'), 'element_mssql_type', 3, 0, NULL, 128, 0, 0);
INSERT INTO system_schema_columns (recid, tables_recid, edt_recid, element_name, element_ordinal, element_nullable, element_default, element_max_length, element_is_primary_key, element_is_identity) VALUES (144, 23, (SELECT recid FROM system_edt_mappings WHERE element_name = 'STRING'), 'element_postgresql_type', 4, 0, NULL, 128, 0, 0);
INSERT INTO system_schema_columns (recid, tables_recid, edt_recid, element_name, element_ordinal, element_nullable, element_default, element_max_length, element_is_primary_key, element_is_identity) VALUES (145, 23, (SELECT recid FROM system_edt_mappings WHERE element_name = 'STRING'), 'element_mysql_type', 5, 0, NULL, 128, 0, 0);
INSERT INTO system_schema_columns (recid, tables_recid, edt_recid, element_name, element_ordinal, element_nullable, element_default, element_max_length, element_is_primary_key, element_is_identity) VALUES (146, 23, (SELECT recid FROM system_edt_mappings WHERE element_name = 'STRING'), 'element_python_type', 6, 0, NULL, 64, 0, 0);
INSERT INTO system_schema_columns (recid, tables_recid, edt_recid, element_name, element_ordinal, element_nullable, element_default, element_max_length, element_is_primary_key, element_is_identity) VALUES (147, 23, (SELECT recid FROM system_edt_mappings WHERE element_name = 'INT32'), 'element_odbc_type_code', 7, 0, NULL, NULL, 0, 0);
INSERT INTO system_schema_columns (recid, tables_recid, edt_recid, element_name, element_ordinal, element_nullable, element_default, element_max_length, element_is_primary_key, element_is_identity) VALUES (148, 23, (SELECT recid FROM system_edt_mappings WHERE element_name = 'INT32'), 'element_max_length', 8, 1, NULL, NULL, 0, 0);
INSERT INTO system_schema_columns (recid, tables_recid, edt_recid, element_name, element_ordinal, element_nullable, element_default, element_max_length, element_is_primary_key, element_is_identity) VALUES (149, 23, (SELECT recid FROM system_edt_mappings WHERE element_name = 'STRING'), 'element_notes', 9, 1, NULL, 2048, 0, 0);
INSERT INTO system_schema_columns (recid, tables_recid, edt_recid, element_name, element_ordinal, element_nullable, element_default, element_max_length, element_is_primary_key, element_is_identity) VALUES (150, 23, (SELECT recid FROM system_edt_mappings WHERE element_name = 'DATETIME_TZ'), 'element_created_on', 10, 0, '(sysutcdatetime())', NULL, 0, 0);
INSERT INTO system_schema_columns (recid, tables_recid, edt_recid, element_name, element_ordinal, element_nullable, element_default, element_max_length, element_is_primary_key, element_is_identity) VALUES (151, 23, (SELECT recid FROM system_edt_mappings WHERE element_name = 'DATETIME_TZ'), 'element_modified_on', 11, 0, '(sysutcdatetime())', NULL, 0, 0);
INSERT INTO system_schema_columns (recid, tables_recid, edt_recid, element_name, element_ordinal, element_nullable, element_default, element_max_length, element_is_primary_key, element_is_identity) VALUES (152, 24, (SELECT recid FROM system_edt_mappings WHERE element_name = 'INT64'), 'recid', 1, 0, NULL, NULL, 1, 0);
INSERT INTO system_schema_columns (recid, tables_recid, edt_recid, element_name, element_ordinal, element_nullable, element_default, element_max_length, element_is_primary_key, element_is_identity) VALUES (153, 24, (SELECT recid FROM system_edt_mappings WHERE element_name = 'STRING'), 'element_name', 2, 0, NULL, 128, 0, 0);
INSERT INTO system_schema_columns (recid, tables_recid, edt_recid, element_name, element_ordinal, element_nullable, element_default, element_max_length, element_is_primary_key, element_is_identity) VALUES (154, 24, (SELECT recid FROM system_edt_mappings WHERE element_name = 'STRING'), 'element_schema', 3, 0, '(''dbo'')', 64, 0, 0);
INSERT INTO system_schema_columns (recid, tables_recid, edt_recid, element_name, element_ordinal, element_nullable, element_default, element_max_length, element_is_primary_key, element_is_identity) VALUES (155, 24, (SELECT recid FROM system_edt_mappings WHERE element_name = 'STRING'), 'element_description', 4, 1, NULL, 1024, 0, 0);
INSERT INTO system_schema_columns (recid, tables_recid, edt_recid, element_name, element_ordinal, element_nullable, element_default, element_max_length, element_is_primary_key, element_is_identity) VALUES (156, 24, (SELECT recid FROM system_edt_mappings WHERE element_name = 'DATETIME_TZ'), 'element_created_on', 5, 0, '(sysutcdatetime())', NULL, 0, 0);
INSERT INTO system_schema_columns (recid, tables_recid, edt_recid, element_name, element_ordinal, element_nullable, element_default, element_max_length, element_is_primary_key, element_is_identity) VALUES (157, 24, (SELECT recid FROM system_edt_mappings WHERE element_name = 'DATETIME_TZ'), 'element_modified_on', 6, 0, '(sysutcdatetime())', NULL, 0, 0);
INSERT INTO system_schema_columns (recid, tables_recid, edt_recid, element_name, element_ordinal, element_nullable, element_default, element_max_length, element_is_primary_key, element_is_identity) VALUES (158, 25, (SELECT recid FROM system_edt_mappings WHERE element_name = 'INT64'), 'recid', 1, 0, NULL, NULL, 1, 0);
INSERT INTO system_schema_columns (recid, tables_recid, edt_recid, element_name, element_ordinal, element_nullable, element_default, element_max_length, element_is_primary_key, element_is_identity) VALUES (159, 25, (SELECT recid FROM system_edt_mappings WHERE element_name = 'INT64'), 'tables_recid', 2, 0, NULL, NULL, 0, 0);
INSERT INTO system_schema_columns (recid, tables_recid, edt_recid, element_name, element_ordinal, element_nullable, element_default, element_max_length, element_is_primary_key, element_is_identity) VALUES (160, 25, (SELECT recid FROM system_edt_mappings WHERE element_name = 'INT64'), 'edt_recid', 3, 0, NULL, NULL, 0, 0);
INSERT INTO system_schema_columns (recid, tables_recid, edt_recid, element_name, element_ordinal, element_nullable, element_default, element_max_length, element_is_primary_key, element_is_identity) VALUES (161, 25, (SELECT recid FROM system_edt_mappings WHERE element_name = 'STRING'), 'element_name', 4, 0, NULL, 128, 0, 0);
INSERT INTO system_schema_columns (recid, tables_recid, edt_recid, element_name, element_ordinal, element_nullable, element_default, element_max_length, element_is_primary_key, element_is_identity) VALUES (162, 25, (SELECT recid FROM system_edt_mappings WHERE element_name = 'INT32'), 'element_ordinal', 5, 0, NULL, NULL, 0, 0);
INSERT INTO system_schema_columns (recid, tables_recid, edt_recid, element_name, element_ordinal, element_nullable, element_default, element_max_length, element_is_primary_key, element_is_identity) VALUES (163, 25, (SELECT recid FROM system_edt_mappings WHERE element_name = 'BOOL'), 'element_nullable', 6, 0, '((0))', NULL, 0, 0);
INSERT INTO system_schema_columns (recid, tables_recid, edt_recid, element_name, element_ordinal, element_nullable, element_default, element_max_length, element_is_primary_key, element_is_identity) VALUES (164, 25, (SELECT recid FROM system_edt_mappings WHERE element_name = 'STRING'), 'element_default', 7, 1, NULL, 512, 0, 0);
INSERT INTO system_schema_columns (recid, tables_recid, edt_recid, element_name, element_ordinal, element_nullable, element_default, element_max_length, element_is_primary_key, element_is_identity) VALUES (165, 25, (SELECT recid FROM system_edt_mappings WHERE element_name = 'INT32'), 'element_max_length', 8, 1, NULL, NULL, 0, 0);
INSERT INTO system_schema_columns (recid, tables_recid, edt_recid, element_name, element_ordinal, element_nullable, element_default, element_max_length, element_is_primary_key, element_is_identity) VALUES (166, 25, (SELECT recid FROM system_edt_mappings WHERE element_name = 'BOOL'), 'element_is_primary_key', 9, 0, '((0))', NULL, 0, 0);
INSERT INTO system_schema_columns (recid, tables_recid, edt_recid, element_name, element_ordinal, element_nullable, element_default, element_max_length, element_is_primary_key, element_is_identity) VALUES (167, 25, (SELECT recid FROM system_edt_mappings WHERE element_name = 'BOOL'), 'element_is_identity', 10, 0, '((0))', NULL, 0, 0);
INSERT INTO system_schema_columns (recid, tables_recid, edt_recid, element_name, element_ordinal, element_nullable, element_default, element_max_length, element_is_primary_key, element_is_identity) VALUES (168, 25, (SELECT recid FROM system_edt_mappings WHERE element_name = 'STRING'), 'element_description', 11, 1, NULL, 1024, 0, 0);
INSERT INTO system_schema_columns (recid, tables_recid, edt_recid, element_name, element_ordinal, element_nullable, element_default, element_max_length, element_is_primary_key, element_is_identity) VALUES (169, 25, (SELECT recid FROM system_edt_mappings WHERE element_name = 'DATETIME_TZ'), 'element_created_on', 12, 0, '(sysutcdatetime())', NULL, 0, 0);
INSERT INTO system_schema_columns (recid, tables_recid, edt_recid, element_name, element_ordinal, element_nullable, element_default, element_max_length, element_is_primary_key, element_is_identity) VALUES (170, 25, (SELECT recid FROM system_edt_mappings WHERE element_name = 'DATETIME_TZ'), 'element_modified_on', 13, 0, '(sysutcdatetime())', NULL, 0, 0);
INSERT INTO system_schema_columns (recid, tables_recid, edt_recid, element_name, element_ordinal, element_nullable, element_default, element_max_length, element_is_primary_key, element_is_identity) VALUES (171, 26, (SELECT recid FROM system_edt_mappings WHERE element_name = 'INT64'), 'recid', 1, 0, NULL, NULL, 1, 0);
INSERT INTO system_schema_columns (recid, tables_recid, edt_recid, element_name, element_ordinal, element_nullable, element_default, element_max_length, element_is_primary_key, element_is_identity) VALUES (172, 26, (SELECT recid FROM system_edt_mappings WHERE element_name = 'INT64'), 'tables_recid', 2, 0, NULL, NULL, 0, 0);
INSERT INTO system_schema_columns (recid, tables_recid, edt_recid, element_name, element_ordinal, element_nullable, element_default, element_max_length, element_is_primary_key, element_is_identity) VALUES (173, 26, (SELECT recid FROM system_edt_mappings WHERE element_name = 'STRING'), 'element_name', 3, 0, NULL, 256, 0, 0);
INSERT INTO system_schema_columns (recid, tables_recid, edt_recid, element_name, element_ordinal, element_nullable, element_default, element_max_length, element_is_primary_key, element_is_identity) VALUES (174, 26, (SELECT recid FROM system_edt_mappings WHERE element_name = 'STRING'), 'element_columns', 4, 0, NULL, 1024, 0, 0);
INSERT INTO system_schema_columns (recid, tables_recid, edt_recid, element_name, element_ordinal, element_nullable, element_default, element_max_length, element_is_primary_key, element_is_identity) VALUES (175, 26, (SELECT recid FROM system_edt_mappings WHERE element_name = 'BOOL'), 'element_is_unique', 5, 0, '((0))', NULL, 0, 0);
INSERT INTO system_schema_columns (recid, tables_recid, edt_recid, element_name, element_ordinal, element_nullable, element_default, element_max_length, element_is_primary_key, element_is_identity) VALUES (176, 26, (SELECT recid FROM system_edt_mappings WHERE element_name = 'DATETIME_TZ'), 'element_created_on', 6, 0, '(sysutcdatetime())', NULL, 0, 0);
INSERT INTO system_schema_columns (recid, tables_recid, edt_recid, element_name, element_ordinal, element_nullable, element_default, element_max_length, element_is_primary_key, element_is_identity) VALUES (177, 26, (SELECT recid FROM system_edt_mappings WHERE element_name = 'DATETIME_TZ'), 'element_modified_on', 7, 0, '(sysutcdatetime())', NULL, 0, 0);
INSERT INTO system_schema_columns (recid, tables_recid, edt_recid, element_name, element_ordinal, element_nullable, element_default, element_max_length, element_is_primary_key, element_is_identity) VALUES (178, 27, (SELECT recid FROM system_edt_mappings WHERE element_name = 'INT64'), 'recid', 1, 0, NULL, NULL, 1, 0);
INSERT INTO system_schema_columns (recid, tables_recid, edt_recid, element_name, element_ordinal, element_nullable, element_default, element_max_length, element_is_primary_key, element_is_identity) VALUES (179, 27, (SELECT recid FROM system_edt_mappings WHERE element_name = 'INT64'), 'tables_recid', 2, 0, NULL, NULL, 0, 0);
INSERT INTO system_schema_columns (recid, tables_recid, edt_recid, element_name, element_ordinal, element_nullable, element_default, element_max_length, element_is_primary_key, element_is_identity) VALUES (180, 27, (SELECT recid FROM system_edt_mappings WHERE element_name = 'STRING'), 'element_column_name', 3, 0, NULL, 128, 0, 0);
INSERT INTO system_schema_columns (recid, tables_recid, edt_recid, element_name, element_ordinal, element_nullable, element_default, element_max_length, element_is_primary_key, element_is_identity) VALUES (181, 27, (SELECT recid FROM system_edt_mappings WHERE element_name = 'INT64'), 'referenced_tables_recid', 4, 0, NULL, NULL, 0, 0);
INSERT INTO system_schema_columns (recid, tables_recid, edt_recid, element_name, element_ordinal, element_nullable, element_default, element_max_length, element_is_primary_key, element_is_identity) VALUES (182, 27, (SELECT recid FROM system_edt_mappings WHERE element_name = 'STRING'), 'element_referenced_column', 5, 0, NULL, 128, 0, 0);
INSERT INTO system_schema_columns (recid, tables_recid, edt_recid, element_name, element_ordinal, element_nullable, element_default, element_max_length, element_is_primary_key, element_is_identity) VALUES (183, 27, (SELECT recid FROM system_edt_mappings WHERE element_name = 'DATETIME_TZ'), 'element_created_on', 6, 0, '(sysutcdatetime())', NULL, 0, 0);
INSERT INTO system_schema_columns (recid, tables_recid, edt_recid, element_name, element_ordinal, element_nullable, element_default, element_max_length, element_is_primary_key, element_is_identity) VALUES (184, 27, (SELECT recid FROM system_edt_mappings WHERE element_name = 'DATETIME_TZ'), 'element_modified_on', 7, 0, '(sysutcdatetime())', NULL, 0, 0);
INSERT INTO system_schema_columns (recid, tables_recid, edt_recid, element_name, element_ordinal, element_nullable, element_default, element_max_length, element_is_primary_key, element_is_identity) VALUES (185, 28, (SELECT recid FROM system_edt_mappings WHERE element_name = 'INT64'), 'recid', 1, 0, NULL, NULL, 1, 0);
INSERT INTO system_schema_columns (recid, tables_recid, edt_recid, element_name, element_ordinal, element_nullable, element_default, element_max_length, element_is_primary_key, element_is_identity) VALUES (186, 28, (SELECT recid FROM system_edt_mappings WHERE element_name = 'STRING'), 'element_name', 2, 0, NULL, 128, 0, 0);
INSERT INTO system_schema_columns (recid, tables_recid, edt_recid, element_name, element_ordinal, element_nullable, element_default, element_max_length, element_is_primary_key, element_is_identity) VALUES (187, 28, (SELECT recid FROM system_edt_mappings WHERE element_name = 'STRING'), 'element_schema', 3, 0, '(''dbo'')', 64, 0, 0);
INSERT INTO system_schema_columns (recid, tables_recid, edt_recid, element_name, element_ordinal, element_nullable, element_default, element_max_length, element_is_primary_key, element_is_identity) VALUES (188, 28, (SELECT recid FROM system_edt_mappings WHERE element_name = 'STRING'), 'element_definition', 4, 0, NULL, -1, 0, 0);
INSERT INTO system_schema_columns (recid, tables_recid, edt_recid, element_name, element_ordinal, element_nullable, element_default, element_max_length, element_is_primary_key, element_is_identity) VALUES (189, 28, (SELECT recid FROM system_edt_mappings WHERE element_name = 'STRING'), 'element_description', 5, 1, NULL, 1024, 0, 0);
INSERT INTO system_schema_columns (recid, tables_recid, edt_recid, element_name, element_ordinal, element_nullable, element_default, element_max_length, element_is_primary_key, element_is_identity) VALUES (190, 28, (SELECT recid FROM system_edt_mappings WHERE element_name = 'DATETIME_TZ'), 'element_created_on', 6, 0, '(sysutcdatetime())', NULL, 0, 0);
INSERT INTO system_schema_columns (recid, tables_recid, edt_recid, element_name, element_ordinal, element_nullable, element_default, element_max_length, element_is_primary_key, element_is_identity) VALUES (191, 28, (SELECT recid FROM system_edt_mappings WHERE element_name = 'DATETIME_TZ'), 'element_modified_on', 7, 0, '(sysutcdatetime())', NULL, 0, 0);
INSERT INTO system_schema_indexes (recid, tables_recid, element_name, element_columns, element_is_unique) VALUES (1, 2, 'UQ__account___D23E50605BA10A17', 'element_guid', 0);
INSERT INTO system_schema_indexes (recid, tables_recid, element_name, element_columns, element_is_unique) VALUES (2, 4, 'UQ__element___2647B0A5A8CD3589', 'element_mimetype', 0);
INSERT INTO system_schema_indexes (recid, tables_recid, element_name, element_columns, element_is_unique) VALUES (3, 5, 'UQ_users_auth_element_identifier', 'element_identifier', 0);
INSERT INTO system_schema_indexes (recid, tables_recid, element_name, element_columns, element_is_unique) VALUES (4, 6, 'UQ__account___83A9315D3DCF8A1B', 'action_label', 0);
INSERT INTO system_schema_indexes (recid, tables_recid, element_name, element_columns, element_is_unique) VALUES (5, 7, 'UQ_users_storage_cache', 'users_guid,element_path,element_filename', 0);
INSERT INTO system_schema_indexes (recid, tables_recid, element_name, element_columns, element_is_unique) VALUES (6, 23, 'UQ_system_edt_mappings_name', 'element_name', 1);
INSERT INTO system_schema_indexes (recid, tables_recid, element_name, element_columns, element_is_unique) VALUES (7, 16, 'UQ__discord_guilds__guild_id', 'element_guild_id', 1);
INSERT INTO system_schema_indexes (recid, tables_recid, element_name, element_columns, element_is_unique) VALUES (8, 22, 'UQ__service___BD1501E83FFF3970', 'element_route_name', 0);
INSERT INTO system_schema_indexes (recid, tables_recid, element_name, element_columns, element_is_unique) VALUES (9, 24, 'UQ_system_schema_tables_schema_name', 'element_schema,element_name', 1);
INSERT INTO system_schema_indexes (recid, tables_recid, element_name, element_columns, element_is_unique) VALUES (10, 25, 'UQ_system_schema_columns_table_column', 'tables_recid,element_name', 1);
INSERT INTO system_schema_indexes (recid, tables_recid, element_name, element_columns, element_is_unique) VALUES (11, 25, 'IX_system_schema_columns_table_ordinal', 'tables_recid,element_ordinal', 0);
INSERT INTO system_schema_indexes (recid, tables_recid, element_name, element_columns, element_is_unique) VALUES (12, 26, 'UQ_system_schema_indexes_table_name', 'tables_recid,element_name', 1);
INSERT INTO system_schema_indexes (recid, tables_recid, element_name, element_columns, element_is_unique) VALUES (13, 27, 'UQ_system_schema_foreign_keys_table_column', 'tables_recid,element_column_name', 1);
INSERT INTO system_schema_indexes (recid, tables_recid, element_name, element_columns, element_is_unique) VALUES (14, 28, 'UQ_system_schema_views_schema_name', 'element_schema,element_name', 1);
INSERT INTO system_schema_foreign_keys (recid, tables_recid, element_column_name, referenced_tables_recid, element_referenced_column) VALUES (1, 2, 'providers_recid', 1, 'recid');
INSERT INTO system_schema_foreign_keys (recid, tables_recid, element_column_name, referenced_tables_recid, element_referenced_column) VALUES (2, 3, 'users_guid', 2, 'element_guid');
INSERT INTO system_schema_foreign_keys (recid, tables_recid, element_column_name, referenced_tables_recid, element_referenced_column) VALUES (3, 5, 'providers_recid', 1, 'recid');
INSERT INTO system_schema_foreign_keys (recid, tables_recid, element_column_name, referenced_tables_recid, element_referenced_column) VALUES (4, 5, 'users_guid', 2, 'element_guid');
INSERT INTO system_schema_foreign_keys (recid, tables_recid, element_column_name, referenced_tables_recid, element_referenced_column) VALUES (5, 7, 'moderation_recid', 6, 'recid');
INSERT INTO system_schema_foreign_keys (recid, tables_recid, element_column_name, referenced_tables_recid, element_referenced_column) VALUES (6, 7, 'users_guid', 2, 'element_guid');
INSERT INTO system_schema_foreign_keys (recid, tables_recid, element_column_name, referenced_tables_recid, element_referenced_column) VALUES (7, 7, 'types_recid', 4, 'recid');
INSERT INTO system_schema_foreign_keys (recid, tables_recid, element_column_name, referenced_tables_recid, element_referenced_column) VALUES (8, 11, 'users_guid', 2, 'element_guid');
INSERT INTO system_schema_foreign_keys (recid, tables_recid, element_column_name, referenced_tables_recid, element_referenced_column) VALUES (9, 12, 'users_guid', 2, 'element_guid');
INSERT INTO system_schema_foreign_keys (recid, tables_recid, element_column_name, referenced_tables_recid, element_referenced_column) VALUES (10, 13, 'providers_recid', 1, 'recid');
INSERT INTO system_schema_foreign_keys (recid, tables_recid, element_column_name, referenced_tables_recid, element_referenced_column) VALUES (11, 13, 'users_guid', 2, 'element_guid');
INSERT INTO system_schema_foreign_keys (recid, tables_recid, element_column_name, referenced_tables_recid, element_referenced_column) VALUES (12, 14, 'users_guid', 2, 'element_guid');
INSERT INTO system_schema_foreign_keys (recid, tables_recid, element_column_name, referenced_tables_recid, element_referenced_column) VALUES (13, 17, 'providers_recid', 1, 'recid');
INSERT INTO system_schema_foreign_keys (recid, tables_recid, element_column_name, referenced_tables_recid, element_referenced_column) VALUES (14, 17, 'sessions_guid', 3, 'element_guid');
INSERT INTO system_schema_foreign_keys (recid, tables_recid, element_column_name, referenced_tables_recid, element_referenced_column) VALUES (15, 18, 'action_recid', 6, 'recid');
INSERT INTO system_schema_foreign_keys (recid, tables_recid, element_column_name, referenced_tables_recid, element_referenced_column) VALUES (16, 18, 'users_guid', 2, 'element_guid');
INSERT INTO system_schema_foreign_keys (recid, tables_recid, element_column_name, referenced_tables_recid, element_referenced_column) VALUES (17, 20, 'models_recid', 19, 'recid');
INSERT INTO system_schema_foreign_keys (recid, tables_recid, element_column_name, referenced_tables_recid, element_referenced_column) VALUES (18, 21, 'models_recid', 19, 'recid');
INSERT INTO system_schema_foreign_keys (recid, tables_recid, element_column_name, referenced_tables_recid, element_referenced_column) VALUES (19, 21, 'personas_recid', 20, 'recid');
INSERT INTO system_schema_foreign_keys (recid, tables_recid, element_column_name, referenced_tables_recid, element_referenced_column) VALUES (20, 22, 'element_created_by', 2, 'element_guid');
INSERT INTO system_schema_foreign_keys (recid, tables_recid, element_column_name, referenced_tables_recid, element_referenced_column) VALUES (21, 22, 'element_modified_by', 2, 'element_guid');
INSERT INTO system_schema_foreign_keys (recid, tables_recid, element_column_name, referenced_tables_recid, element_referenced_column) VALUES (22, 25, 'edt_recid', 23, 'recid');
INSERT INTO system_schema_foreign_keys (recid, tables_recid, element_column_name, referenced_tables_recid, element_referenced_column) VALUES (23, 25, 'tables_recid', 24, 'recid');
INSERT INTO system_schema_foreign_keys (recid, tables_recid, element_column_name, referenced_tables_recid, element_referenced_column) VALUES (24, 26, 'tables_recid', 24, 'recid');
INSERT INTO system_schema_foreign_keys (recid, tables_recid, element_column_name, referenced_tables_recid, element_referenced_column) VALUES (25, 27, 'referenced_tables_recid', 24, 'recid');
INSERT INTO system_schema_foreign_keys (recid, tables_recid, element_column_name, referenced_tables_recid, element_referenced_column) VALUES (26, 27, 'tables_recid', 24, 'recid');
INSERT INTO system_schema_views (recid, element_name, element_schema, element_definition) VALUES (1, 'vw_account_user_sessions', 'dbo', 'CREATE VIEW [dbo].[vw_account_user_sessions] AS SELECT au.element_guid AS user_guid, ur.element_roles AS user_roles, au.element_created_on AS user_created_on, au.element_modified_on AS user_modified_on, au.element_rotkey, au.element_rotkey_iat, au.element_rotkey_exp, us.element_guid AS session_guid, us.element_created_on AS session_created_on, us.element_modified_on AS session_modified_on, sd.element_guid AS device_guid, sd.element_created_on AS device_created_on, sd.element_modified_on AS device_modified_on, sd.element_token, sd.element_token_iat, sd.element_token_exp, sd.element_revoked_at, sd.element_device_fingerprint, sd.element_user_agent, sd.element_ip_last_seen FROM dbo.account_users AS au JOIN dbo.users_sessions AS us ON au.element_guid = us.users_guid JOIN dbo.users_roles AS ur ON au.element_guid = ur.users_guid JOIN dbo.sessions_devices AS sd ON us.element_guid = sd.sessions_guid;');
INSERT INTO system_schema_views (recid, element_name, element_schema, element_definition) VALUES (2, 'vw_user_session_security', 'dbo', 'CREATE VIEW [dbo].[vw_user_session_security] AS SELECT au.element_guid AS user_guid, ur.element_roles AS user_roles, au.element_created_on AS user_created_on, au.element_modified_on AS user_modified_on, au.element_rotkey, au.element_rotkey_iat, au.element_rotkey_exp, us.element_guid AS session_guid, us.element_created_on AS session_created_on, us.element_modified_on AS session_modified_on, sd.element_guid AS device_guid, sd.element_created_on AS device_created_on, sd.element_modified_on AS device_modified_on, sd.element_token, sd.element_token_iat, sd.element_token_exp, sd.element_revoked_at, sd.element_device_fingerprint, sd.element_user_agent, sd.element_ip_last_seen FROM dbo.account_users AS au JOIN dbo.users_sessions AS us ON au.element_guid = us.users_guid JOIN dbo.users_roles AS ur ON au.element_guid = ur.users_guid JOIN dbo.sessions_devices AS sd ON us.element_guid = sd.sessions_guid;');
INSERT INTO system_schema_views (recid, element_name, element_schema, element_definition) VALUES (3, 'vw_account_user_security', 'dbo', 'CREATE VIEW [dbo].[vw_account_user_security] AS SELECT au.element_guid AS user_guid, au.element_rotkey, au.element_rotkey_iat, au.element_rotkey_exp, us.element_guid AS session_guid, sd.element_guid AS device_guid, sd.element_token, sd.element_token_iat, sd.element_token_exp, sd.element_revoked_at, sd.element_device_fingerprint, sd.element_user_agent, sd.element_ip_last_seen FROM dbo.account_users AS au JOIN dbo.users_sessions AS us ON au.element_guid = us.users_guid JOIN dbo.sessions_devices AS sd ON us.element_guid = sd.sessions_guid;');
INSERT INTO system_schema_views (recid, element_name, element_schema, element_definition) VALUES (4, 'vw_account_user_profile', 'dbo', 'CREATE VIEW [dbo].[vw_account_user_profile] AS SELECT au.element_guid AS user_guid, au.element_email AS email, au.element_display AS display_name, ap.element_name AS provider_name, ap.element_display AS provider_display, up.element_base64 AS profile_image_base64, au.element_optin AS opt_in, uc.element_credits AS credits FROM dbo.account_users AS au JOIN dbo.auth_providers AS ap ON au.providers_recid = ap.recid JOIN dbo.users_profileimg AS up ON au.element_guid = up.users_guid JOIN dbo.users_credits AS uc ON au.element_guid = uc.users_guid;');
INSERT INTO system_schema_views (recid, element_name, element_schema, element_definition) VALUES (5, 'vw_users_storage_cache', 'dbo', 'CREATE VIEW [dbo].[vw_users_storage_cache] AS SELECT [sc].[recid] ,[users_guid] ,[types_recid] ,[element_path] ,[element_filename] ,[element_public] ,[element_created_on] ,[element_modified_on] ,[element_deleted] ,[element_mimetype] ,[element_displaytype] FROM [dbo].[users_storage_cache] AS sc JOIN [dbo].[storage_types] AS st ON [types_recid] = [st].[recid];');
INSERT INTO system_schema_views (recid, element_name, element_schema, element_definition) VALUES (6, 'vw_conversation_history', 'dbo', 'CREATE VIEW vw_conversation_history AS SELECT ap.element_name AS persona_name ,am.element_name AS model_name ,ap.element_tokens AS element_token_allowance ,ac.[element_tokens] AS element_tokens_returned ,ac.[element_input] ,ac.[element_output] ,ac.[element_user_id] ,ac.[element_guild_id] ,ac.[element_channel_id] FROM [dbo].[assistant_conversations] ac JOIN [dbo].assistant_models am on am.recid = models_recid JOIN [dbo].assistant_personas ap on ap.recid = personas_recid;');
INSERT INTO system_schema_views (recid, element_name, element_schema, element_definition) VALUES (7, 'vw_personas', 'dbo', 'CREATE VIEW vw_personas AS SELECT ap.[element_name] AS persona_name ,am.[element_name] AS model_name ,ap.[element_tokens] AS token_allowance ,ap.[element_prompt] AS system_role_prompt ,ap.[element_created_on] ,ap.[element_modified_on] FROM [dbo].[assistant_personas] AS ap JOIN [dbo].[assistant_models] AS am ON am.recid = ap.models_recid;');
CREATE TABLE users_credits (users_guid uniqueidentifier NOT NULL, element_credits int NOT NULL, element_reserve int, element_created_on datetimeoffset DEFAULT (sysutcdatetime()) NOT NULL, element_modified_on datetimeoffset DEFAULT (sysutcdatetime()) NOT NULL, PRIMARY KEY (users_guid), FOREIGN KEY (users_guid) REFERENCES account_users(element_guid));
CREATE TABLE users_enablements (users_guid uniqueidentifier NOT NULL, element_enablements nvarchar(MAX) DEFAULT ('0') NOT NULL, element_created_on datetimeoffset DEFAULT (sysutcdatetime()) NOT NULL, element_modified_on datetimeoffset DEFAULT (sysutcdatetime()) NOT NULL, PRIMARY KEY (users_guid), FOREIGN KEY (users_guid) REFERENCES account_users(element_guid));
CREATE TABLE users_profileimg (users_guid uniqueidentifier NOT NULL, element_base64 nvarchar(MAX), providers_recid bigint NOT NULL, element_created_on datetimeoffset DEFAULT (sysutcdatetime()) NOT NULL, element_modified_on datetimeoffset DEFAULT (sysutcdatetime()) NOT NULL, FOREIGN KEY (providers_recid) REFERENCES auth_providers(recid), FOREIGN KEY (users_guid) REFERENCES account_users(element_guid));
CREATE TABLE users_roles (users_guid uniqueidentifier NOT NULL, element_roles bigint DEFAULT ((0)) NOT NULL, element_created_on datetimeoffset DEFAULT (sysutcdatetime()) NOT NULL, element_modified_on datetimeoffset DEFAULT (sysutcdatetime()) NOT NULL, PRIMARY KEY (users_guid), FOREIGN KEY (users_guid) REFERENCES account_users(element_guid));
CREATE TABLE system_roles (recid bigint NOT NULL, element_mask bigint DEFAULT ((0)) NOT NULL, element_enablement nvarchar(1) DEFAULT ('0') NOT NULL, element_name nvarchar(1024) NOT NULL, element_display nvarchar(1024), PRIMARY KEY (recid));
CREATE TABLE discord_guilds (recid bigint IDENTITY(1,1) NOT NULL, element_guild_id nvarchar(64) NOT NULL, element_name nvarchar(256) NOT NULL, element_joined_on datetimeoffset DEFAULT (sysutcdatetime()) NOT NULL, element_member_count int, element_owner_id nvarchar(64), element_region nvarchar(128), element_left_on datetimeoffset, element_notes nvarchar(MAX), PRIMARY KEY (recid));
CREATE UNIQUE INDEX UQ__discord_guilds__guild_id ON discord_guilds (element_guild_id);
CREATE TABLE sessions_devices (element_guid uniqueidentifier NOT NULL, sessions_guid uniqueidentifier NOT NULL, element_token nvarchar(MAX) NOT NULL, element_token_iat datetimeoffset DEFAULT (sysutcdatetime()) NOT NULL, element_token_exp datetimeoffset DEFAULT (sysutcdatetime()) NOT NULL, element_device_fingerprint nvarchar(512), element_user_agent nvarchar(1024), element_ip_last_seen nvarchar(64), element_revoked_at datetimeoffset, providers_recid bigint DEFAULT ((0)) NOT NULL, element_created_on datetimeoffset DEFAULT (sysutcdatetime()) NOT NULL, element_modified_on datetimeoffset DEFAULT (sysutcdatetime()) NOT NULL, PRIMARY KEY (element_guid), FOREIGN KEY (providers_recid) REFERENCES auth_providers(recid), FOREIGN KEY (sessions_guid) REFERENCES users_sessions(element_guid));
CREATE TABLE users_actions_log (recid bigint NOT NULL, users_guid uniqueidentifier NOT NULL, action_recid bigint NOT NULL, element_url nvarchar(1024), element_logged_on datetimeoffset DEFAULT (sysutcdatetime()) NOT NULL, element_notes nvarchar(1024), PRIMARY KEY (recid), FOREIGN KEY (action_recid) REFERENCES account_actions(recid), FOREIGN KEY (users_guid) REFERENCES account_users(element_guid));
CREATE TABLE assistant_models (recid bigint NOT NULL, element_name nvarchar(50) NOT NULL, PRIMARY KEY (recid));
CREATE TABLE assistant_personas (recid bigint NOT NULL, element_name nvarchar(256) NOT NULL, element_metadata nvarchar(MAX), element_created_on datetimeoffset DEFAULT (sysutcdatetime()) NOT NULL, element_modified_on datetimeoffset DEFAULT (sysutcdatetime()) NOT NULL, element_tokens int NOT NULL, element_prompt nvarchar(MAX) NOT NULL, models_recid bigint NOT NULL, PRIMARY KEY (recid), FOREIGN KEY (models_recid) REFERENCES assistant_models(recid));
CREATE TABLE assistant_conversations (recid bigint NOT NULL, personas_recid bigint NOT NULL, element_guild_id nvarchar(64), element_channel_id nvarchar(64), element_input nvarchar(MAX), element_output nvarchar(MAX), element_created_on datetimeoffset DEFAULT (sysutcdatetime()) NOT NULL, element_tokens int, element_user_id nvarchar(64), models_recid bigint NOT NULL, PRIMARY KEY (recid), FOREIGN KEY (models_recid) REFERENCES assistant_models(recid), FOREIGN KEY (personas_recid) REFERENCES assistant_personas(recid));
CREATE TABLE service_pages (recid bigint NOT NULL, element_route_name nvarchar(200) NOT NULL, element_pageblob nvarchar(MAX) NOT NULL, element_version int DEFAULT ((1)) NOT NULL, element_created_on datetimeoffset DEFAULT (sysutcdatetime()) NOT NULL, element_modified_on datetimeoffset DEFAULT (sysutcdatetime()) NOT NULL, element_created_by uniqueidentifier NOT NULL, element_modified_by uniqueidentifier NOT NULL, element_is_active bit DEFAULT ((1)) NOT NULL, PRIMARY KEY (recid), FOREIGN KEY (element_created_by) REFERENCES account_users(element_guid), FOREIGN KEY (element_modified_by) REFERENCES account_users(element_guid));
CREATE INDEX UQ__service___BD1501E83FFF3970 ON service_pages (element_route_name);
CREATE VIEW [dbo].[vw_account_user_sessions] AS SELECT au.element_guid AS user_guid, ur.element_roles AS user_roles, au.element_created_on AS user_created_on, au.element_modified_on AS user_modified_on, au.element_rotkey, au.element_rotkey_iat, au.element_rotkey_exp, us.element_guid AS session_guid, us.element_created_on AS session_created_on, us.element_modified_on AS session_modified_on, sd.element_guid AS device_guid, sd.element_created_on AS device_created_on, sd.element_modified_on AS device_modified_on, sd.element_token, sd.element_token_iat, sd.element_token_exp, sd.element_revoked_at, sd.element_device_fingerprint, sd.element_user_agent, sd.element_ip_last_seen FROM dbo.account_users AS au JOIN dbo.users_sessions AS us ON au.element_guid = us.users_guid JOIN dbo.users_roles AS ur ON au.element_guid = ur.users_guid JOIN dbo.sessions_devices AS sd ON us.element_guid = sd.sessions_guid;
CREATE VIEW [dbo].[vw_user_session_security] AS SELECT au.element_guid AS user_guid, ur.element_roles AS user_roles, au.element_created_on AS user_created_on, au.element_modified_on AS user_modified_on, au.element_rotkey, au.element_rotkey_iat, au.element_rotkey_exp, us.element_guid AS session_guid, us.element_created_on AS session_created_on, us.element_modified_on AS session_modified_on, sd.element_guid AS device_guid, sd.element_created_on AS device_created_on, sd.element_modified_on AS device_modified_on, sd.element_token, sd.element_token_iat, sd.element_token_exp, sd.element_revoked_at, sd.element_device_fingerprint, sd.element_user_agent, sd.element_ip_last_seen FROM dbo.account_users AS au JOIN dbo.users_sessions AS us ON au.element_guid = us.users_guid JOIN dbo.users_roles AS ur ON au.element_guid = ur.users_guid JOIN dbo.sessions_devices AS sd ON us.element_guid = sd.sessions_guid;
CREATE VIEW [dbo].[vw_account_user_security] AS SELECT au.element_guid AS user_guid, au.element_rotkey, au.element_rotkey_iat, au.element_rotkey_exp, us.element_guid AS session_guid, sd.element_guid AS device_guid, sd.element_token, sd.element_token_iat, sd.element_token_exp, sd.element_revoked_at, sd.element_device_fingerprint, sd.element_user_agent, sd.element_ip_last_seen FROM dbo.account_users AS au JOIN dbo.users_sessions AS us ON au.element_guid = us.users_guid JOIN dbo.sessions_devices AS sd ON us.element_guid = sd.sessions_guid;
CREATE VIEW [dbo].[vw_account_user_profile] AS SELECT au.element_guid AS user_guid, au.element_email AS email, au.element_display AS display_name, ap.element_name AS provider_name, ap.element_display AS provider_display, up.element_base64 AS profile_image_base64, au.element_optin AS opt_in, uc.element_credits AS credits FROM dbo.account_users AS au JOIN dbo.auth_providers AS ap ON au.providers_recid = ap.recid JOIN dbo.users_profileimg AS up ON au.element_guid = up.users_guid JOIN dbo.users_credits AS uc ON au.element_guid = uc.users_guid;
CREATE VIEW [dbo].[vw_users_storage_cache] AS SELECT [sc].[recid] ,[users_guid] ,[types_recid] ,[element_path] ,[element_filename] ,[element_public] ,[element_created_on] ,[element_modified_on] ,[element_deleted] ,[element_mimetype] ,[element_displaytype] FROM [dbo].[users_storage_cache] AS sc JOIN [dbo].[storage_types] AS st ON [types_recid] = [st].[recid];
CREATE VIEW vw_conversation_history AS SELECT ap.element_name AS persona_name ,am.element_name AS model_name ,ap.element_tokens AS element_token_allowance ,ac.[element_tokens] AS element_tokens_returned ,ac.[element_input] ,ac.[element_output] ,ac.[element_user_id] ,ac.[element_guild_id] ,ac.[element_channel_id] FROM [dbo].[assistant_conversations] ac JOIN [dbo].assistant_models am on am.recid = models_recid JOIN [dbo].assistant_personas ap on ap.recid = personas_recid;
CREATE VIEW vw_personas AS SELECT ap.[element_name] AS persona_name ,am.[element_name] AS model_name ,ap.[element_tokens] AS token_allowance ,ap.[element_prompt] AS system_role_prompt ,ap.[element_created_on] ,ap.[element_modified_on] FROM [dbo].[assistant_personas] AS ap JOIN [dbo].[assistant_models] AS am ON am.recid = ap.models_recid;
